trend,yhat_lower,yhat_upper,trend_lower,trend_upper,additive_terms,additive_terms_lower,additive_terms_upper,daily,daily_lower,daily_upper,multiplicative_terms,multiplicative_terms_lower,multiplicative_terms_upper,weekly,weekly_lower,weekly_upper,yhat
0.0,0.0,0.0,0.0,0.0,0.0,0.0,0.0,0.0,0.0,0.0,0.0,0.0,0.0,0.0,0.0,0.0,0.0
16.984823887464593,-12.298455044374077,13.673955803640313,16.984823887464593,16.984823887464593,-0.07177467514988112,-0.07177467514988112,-0.07177467514988112,-0.961231833810643,-0.961231833810643,-0.961231833810643,-0.961231833810643,-0.961231833810643,-0.961231833810643,-0.07177467514988112,-0.07177467514988112,-0.07177467514988112,0.5866958000163063
16.985837840460757,-9.968652275821198,14.776478533675798,16.985837840460757,16.985837840460757,-0.07041276482451311,-0.07041276482451311,-0.07041276482451311,-0.8621978933289963,-0.8621978933289963,-0.8621978933289963,-0.8621978933289963,-0.8621978933289963,-0.8621978933289963,-0.07041276482451311,-0.07041276482451311,-0.07041276482451311,2.2702714731630307
16.986851793456918,-8.52988982504127,18.355894167066893,16.986851793456918,16.986851793456918,-0.06835066006093804,-0.06835066006093804,-0.06835066006093804,-0.6919957681102052,-0.6919957681102052,-0.6919957681102052,-0.6919957681102052,-0.6919957681102052,-0.6919957681102052,-0.06835066006093804,-0.06835066006093804,-0.06835066006093804,5.163671578808542
16.987865746453082,-3.8412422991058444,22.001040846447495,16.987865746453082,16.987865746453082,-0.06556198471047747,-0.06556198471047747,-0.06556198471047747,-0.44360421054604954,-0.44360421054604954,-0.44360421054604954,-0.44360421054604954,-0.44360421054604954,-0.44360421054604954,-0.06556198471047747,-0.06556198471047747,-0.06556198471047747,9.386414988425008
16.98887969944924,1.7456636399402556,27.46343890334431,16.98887969944924,16.98887969944924,-0.06202283453340427,-0.06202283453340427,-0.06202283453340427,-0.12282131339886025,-0.12282131339886025,-0.12282131339886025,-0.12282131339886025,-0.12282131339886025,-0.12282131339886025,-0.06202283453340427,-0.06202283453340427,-0.06202283453340427,14.840260347054244
16.9898936524454,7.8671400657015305,33.707788454556095,16.9898936524454,16.9898936524454,-0.057711863500752546,-0.057711863500752546,-0.057711863500752546,0.25128637618465766,0.25128637618465766,0.25128637618465766,0.25128637618465766,0.25128637618465766,0.25128637618465766,-0.057711863500752546,-0.057711863500752546,-0.057711863500752546,21.201510596630367
16.990907605441564,15.209495270015868,41.52968631621984,16.990907605441564,16.990907605441564,-0.052610362033316364,-0.052610362033316364,-0.052610362033316364,0.6495736868852474,0.6495736868852474,0.6495736868852474,0.6495736868852474,0.6495736868852474,0.6495736868852474,-0.052610362033316364,-0.052610362033316364,-0.052610362033316364,27.975143740201517
16.991921558437724,22.337114639393793,48.21667556011116,16.991921558437724,16.991921558437724,-0.04670232681398749,-0.04670232681398749,-0.04670232681398749,1.038886955352312,1.038886955352312,1.038886955352312,1.038886955352312,1.038886955352312,1.038886955352312,-0.04670232681398749,-0.04670232681398749,-0.04670232681398749,34.59790488505441
16.99293551143389,28.704855360979018,53.91305671815171,16.99293551143389,16.99293551143389,-0.039974522034475865,-0.039974522034475865,-0.039974522034475865,1.389214354728538,1.389214354728538,1.389214354728538,1.389214354728538,1.389214354728538,1.389214354728538,-0.039974522034475865,-0.039974522034475865,-0.039974522034475865,40.5597909308597
16.99394946443005,32.75536118433351,58.84175407860198,16.99394946443005,16.99394946443005,-0.03241653182384412,-0.03241653182384412,-0.03241653182384412,1.6796690793119025,1.6796690793119025,1.6796690793119025,1.6796690793119025,1.6796690793119025,1.6796690793119025,-0.03241653182384412,-0.03241653182384412,-0.03241653182384412,45.50574438339842
16.99496341742621,35.483009818824584,62.76300109429479,16.99496341742621,16.99496341742621,-0.024020803727312287,-0.024020803727312287,-0.024020803727312287,1.9014052927698843,1.9014052927698843,1.9014052927698843,1.9014052927698843,1.9014052927698843,1.9014052927698843,-0.024020803727312287,-0.024020803727312287,-0.024020803727312287,49.28525600602365
16.99597737042237,38.85248461120294,65.1805675331728,16.99597737042237,16.99597737042237,-0.014782683065369083,-0.014782683065369083,-0.014782683065369083,2.0566129411429173,2.0566129411429173,2.0566129411429173,2.0566129411429173,2.0566129411429173,2.0566129411429173,-0.014782683065369083,-0.014782683065369083,-0.014782683065369083,51.93534169473982
16.99699132341853,40.23369728938167,66.11060915110167,16.99699132341853,16.99699132341853,-0.0047004381004196885,-0.0047004381004196885,-0.0047004381004196885,2.1541166299996592,2.1541166299996592,2.1541166299996592,2.1541166299996592,2.1541166299996592,2.1541166299996592,-0.0047004381004196885,-0.0047004381004196885,-0.0047004381004196885,53.60579255505388
16.998005276414695,40.98811939998629,68.05824332196647,16.998005276414695,16.998005276414695,0.006224724116226635,0.006224724116226635,0.006224724116226635,2.2033117083624862,2.2033117083624862,2.2033117083624862,2.2033117083624862,2.2033117083624862,2.2033117083624862,0.006224724116226635,0.006224724116226635,0.006224724116226635,54.45613404486274
16.999019229410855,40.58338982082536,67.82928697652821,16.999019229410855,16.999019229410855,0.0179886512446819,0.0179886512446819,0.0179886512446819,2.208755635028614,2.208755635028614,2.208755635028614,2.208755635028614,2.208755635028614,2.208755635028614,0.0179886512446819,0.0179886512446819,0.0179886512446819,54.56368739357653
17.000033182407016,40.5299563653511,66.18586222017836,17.000033182407016,17.000033182407016,0.030584248517146598,0.030584248517146598,0.030584248517146598,2.167469191110774,2.167469191110774,2.167469191110774,2.167469191110774,2.167469191110774,2.167469191110774,0.030584248517146598,0.030584248517146598,0.030584248517146598,53.87766560165221
17.00104713540318,39.33926894922433,65.80349381568917,17.00104713540318,17.00104713540318,0.04400149097997514,0.04400149097997514,0.04400149097997514,2.0699807170583155,2.0699807170583155,2.0699807170583155,2.0699807170583155,2.0699807170583155,2.0699807170583155,0.04400149097997514,0.04400149097997514,0.04400149097997514,52.23688836646725
17.00206108839934,35.77669493459737,62.544205930562185,17.00206108839934,17.00206108839934,0.058227445071180405,0.058227445071180405,0.058227445071180405,1.9047427126998213,1.9047427126998213,1.9047427126998213,1.9047427126998213,1.9047427126998213,1.9047427126998213,0.058227445071180405,0.058227445071180405,0.058227445071180405,49.44484049247637
17.0030750413955,32.47880357710482,58.9149800233346,17.0030750413955,17.0030750413955,0.07324629945370198,0.07324629945370198,0.07324629945370198,1.6642832581941396,1.6642832581941396,1.6642832581941396,1.6642832581941396,1.6642832581941396,1.6642832581941396,0.07324629945370198,0.07324629945370198,0.07324629945370198,45.37425447006236
17.00408899439166,28.591994954314032,53.09342565609844,17.00408899439166,17.00408899439166,0.08903940503276599,0.08903940503276599,0.08903940503276599,1.3507918426064414,1.3507918426064414,1.3507918426064414,1.3507918426064414,1.3507918426064414,1.3507918426064414,0.08903940503276599,0.08903940503276599,0.08903940503276599,40.062113104002655
17.005102947387826,20.681999957348346,46.33479777512302,17.005102947387826,17.005102947387826,0.10558532401735606,0.10558532401735606,0.10558532401735606,0.9790191911102029,0.9790191911102029,0.9790191911102029,0.9790191911102029,0.9790191911102029,0.9790191911102029,0.10558532401735606,0.10558532401735606,0.10558532401735606,33.75901040370254
17.006116900383986,14.137547259861336,40.2512728412056,17.006116900383986,17.006116900383986,0.12285988789681142,0.12285988789681142,0.12285988789681142,0.5753167694104229,0.5753167694104229,0.5753167694104229,0.5753167694104229,0.5753167694104229,0.5753167694104229,0.12285988789681142,0.12285988789681142,0.12285988789681142,26.912881023625708
17.007130853380147,6.79993084799173,33.0973451857079,17.007130853380147,17.007130853380147,0.14083626410303035,0.14083626410303035,0.14083626410303035,0.17299519872387173,0.17299519872387173,0.17299519872387173,0.17299519872387173,0.17299519872387173,0.17299519872387173,0.14083626410303035,0.14083626410303035,0.14083626410303035,20.090119099186566
17.008144806376308,1.000600783696423,26.505776357190395,17.008144806376308,17.008144806376308,0.15948503122857477,0.15948503122857477,0.15948503122857477,-0.19455817960223953,-0.19455817960223953,-0.19455817960223953,-0.19455817960223953,-0.19455817960223953,-0.19455817960223953,0.15948503122857477,0.15948503122857477,0.15948503122857477,13.858556145665023
17.00915875937247,-4.309738785165122,21.95652900404287,17.00915875937247,17.00915875937247,0.1787742624891149,0.1787742624891149,0.1787742624891149,-0.5008442984238785,-0.5008442984238785,-0.5008442984238785,-0.5008442984238785,-0.5008442984238785,-0.5008442984238785,0.1787742624891149,0.1787742624891149,0.1787742624891149,8.668992836243314
17.010172712368632,-8.020178170632907,18.3174240834152,17.010172712368632,17.010172712368632,0.1986696172227865,0.1986696172227865,0.1986696172227865,-0.7312005214788944,-0.7312005214788944,-0.7312005214788944,-0.7312005214788944,-0.7312005214788944,-0.7312005214788944,0.1986696172227865,0.1986696172227865,0.1986696172227865,4.770995171861416
17.011186665364793,-11.053941965430154,15.230734699787174,17.011186665364793,17.011186665364793,0.21913444011352942,0.21913444011352942,0.21913444011352942,-0.8844070411818818,-0.8844070411818818,-0.8844070411818818,-0.8844070411818818,-0.8844070411818818,-0.8844070411818818,0.21913444011352942,0.21913444011352942,0.21913444011352942,2.1855078397703624
17.012200618360957,-12.709575333663599,14.645106250832317,17.012200618360957,17.012200618360957,0.2401298678588418,0.2401298678588418,0.2401298678588418,-0.9707965969418987,-0.9707965969418987,-0.9707965969418987,-0.9707965969418987,-0.9707965969418987,-0.9707965969418987,0.2401298678588418,0.2401298678588418,0.2401298678588418,0.7369440194221173
17.013214571357118,-12.786324249309635,13.22911361542622,17.013214571357118,17.013214571357118,0.2616149428757683,0.2616149428757683,0.2616149428757683,-1.007833301144981,-1.007833301144981,-1.007833301144981,-1.007833301144981,-1.007833301144981,-1.007833301144981,0.2616149428757683,0.2616149428757683,0.2616149428757683,0.12834530969415034
17.032479678284187,-12.453946079121513,12.932031054936157,17.032479678284187,17.032479678284187,0.6976617544209882,0.6976617544209882,0.6976617544209882,-1.0053196429025433,-1.0053196429025433,-1.0053196429025433,-1.0053196429025433,-1.0053196429025433,-1.0053196429025433,0.6976617544209882,0.6976617544209882,0.6976617544209882,0.6070550447876911
17.033493631280344,-11.671880105885453,14.670831364418902,17.033493631280344,17.033493631280344,0.7183503372673712,0.7183503372673712,0.7183503372673712,-0.9612318338045931,-0.9612318338045931,-0.9612318338045931,-0.9612318338045931,-0.9612318338045931,-0.9612318338045931,0.7183503372673712,0.7183503372673712,0.7183503372673712,1.3787076492532526
17.034507584276508,-10.376118009558493,15.688524130171352,17.034507584276508,17.034507584276508,0.7384394514187114,0.7384394514187114,0.7384394514187114,-0.8621978933231811,-0.8621978933231811,-0.8621978933231811,-0.8621978933231811,-0.8621978933231811,-0.8621978933231811,0.7384394514187114,0.7384394514187114,0.7384394514187114,3.0858304827342637
17.03552153727267,-6.3381956848724865,18.515716614841473,17.03552153727267,17.03552153727267,0.7578798048761767,0.7578798048761767,0.7578798048761767,-0.6919957681054825,-0.6919957681054825,-0.6919957681054825,-0.6919957681054825,-0.6919957681054825,-0.6919957681054825,0.7578798048761767,0.7578798048761767,0.7578798048761767,6.004892530886355
17.03653549026883,-2.7878154343356876,23.895050001021605,17.03653549026883,17.03653549026883,0.776623570387258,0.776623570387258,0.776623570387258,-0.44360421053799004,-0.44360421053799004,-0.44360421053799004,-0.44360421053799004,-0.44360421053799004,-0.44360421053799004,0.776623570387258,0.776623570387258,0.776623570387258,10.255680184192935
17.037549443264993,3.4524569028336147,29.263056035068388,17.037549443264993,17.037549443264993,0.7946245314423497,0.7946245314423497,0.7946245314423497,-0.12282131338844016,-0.12282131338844016,-0.12282131338844016,-0.12282131338844016,-0.12282131338844016,-0.12282131338844016,0.7946245314423497,0.7946245314423497,0.7946245314423497,15.739599775165049
17.038563396261154,9.44227911565971,34.92164196994302,17.038563396261154,17.038563396261154,0.8118382234331272,0.8118382234331272,0.8118382234331272,0.25128637619542876,0.25128637619542876,0.25128637619542876,0.25128637619542876,0.25128637619542876,0.25128637619542876,0.8118382234331272,0.8118382234331272,0.8118382234331272,22.131960471116823
17.039577349257314,17.22459024398915,41.4346601850288,17.039577349257314,17.039577349257314,0.8282220694500566,0.8282220694500566,0.8282220694500566,0.6495736868998971,0.6495736868998971,0.6495736868998971,0.6495736868998971,0.6495736868998971,0.6495736868998971,0.8282220694500566,0.8282220694500566,0.8282220694500566,28.936260500680422
17.040591302253475,22.882686172733756,49.50737135159539,17.040591302253475,17.040591302253475,0.8437355103498071,0.8437355103498071,0.8437355103498071,1.038886955366196,1.038886955366196,1.038886955366196,1.038886955366196,1.038886955366196,1.038886955366196,0.8437355103498071,0.8437355103498071,0.8437355103498071,35.587574828241074
17.04160525524964,29.067513956712396,53.982755567518794,17.04160525524964,17.04160525524964,0.8583401286725699,0.8583401286725699,0.8583401286725699,1.3892143547032452,1.3892143547032452,1.3892143547032452,1.3892143547032452,1.3892143547032452,1.3892143547032452,0.8583401286725699,0.8583401286725699,0.8583401286725699,41.574388031701275
17.0426192082458,33.08552932601041,58.775249301277476,17.0426192082458,17.0426192082458,0.8719997660167799,0.8719997660167799,0.8719997660167799,1.6796690793185602,1.6796690793185602,1.6796690793185602,1.6796690793185602,1.6796690793185602,1.6796690793185602,0.8719997660167799,0.8719997660167799,0.8719997660167799,46.54057948895361
17.04363316124196,37.03690146477586,62.97945426545514,17.04363316124196,17.04363316124196,0.8846806334747189,0.8846806334747189,0.8846806334747189,1.90140529277536,1.90140529277536,1.90140529277536,1.90140529277536,1.90140529277536,1.90140529277536,0.8846806334747189,0.8846806334747189,0.8846806334747189,50.33516809562378
17.044647114238124,40.07273468624762,66.10129495241858,17.044647114238124,17.044647114238124,0.8963514148492427,0.8963514148492427,0.8963514148492427,2.056612941129391,2.056612941129391,2.056612941129391,2.056612941129391,2.056612941129391,2.056612941129391,0.8963514148492427,0.8963514148492427,0.8963514148492427,52.99524036121323
17.045661067234285,40.69476697214266,67.5557607533325,17.045661067234285,17.045661067234285,0.906983362265161,0.906983362265161,0.906983362265161,2.1541166299993377,2.1541166299993377,2.1541166299993377,2.1541166299993377,2.1541166299993377,2.1541166299993377,0.906983362265161,0.906983362265161,0.906983362265161,54.67098640376108
17.046675020230442,42.611401205356465,67.80728453058207,17.046675020230442,17.046675020230442,0.916550383894111,0.916550383894111,0.916550383894111,2.2033117083630183,2.2033117083630183,2.2033117083630183,2.2033117083630183,2.2033117083630183,2.2033117083630183,0.916550383894111,0.916550383894111,0.916550383894111,55.522364064857676
17.047688973226606,41.56709572746628,67.76795716378642,17.047688973226606,17.047688973226606,0.925029123544353,0.925029123544353,0.925029123544353,2.208755635029461,2.208755635029461,2.208755635029461,2.208755635029461,2.208755635029461,2.208755635029461,0.925029123544353,0.925029123544353,0.925029123544353,55.62689718061483
17.048702926222767,42.63845209512838,67.9107620967413,17.048702926222767,17.048702926222767,0.9323990318211294,0.9323990318211294,0.9323990318211294,2.167469191111221,2.167469191111221,2.167469191111221,2.167469191111221,2.167469191111221,2.167469191111221,0.9323990318211294,0.9323990318211294,0.9323990318211294,54.93364029903946
17.04971687921893,40.23870425677969,66.62150254195998,17.04971687921893,17.04971687921893,0.9386424286665421,0.9386424286665421,0.9386424286665421,2.0699807170547184,2.0699807170547184,2.0699807170547184,2.0699807170547184,2.0699807170547184,2.0699807170547184,0.9386424286665421,0.9386424286665421,0.9386424286665421,53.28094447911101
17.05073083221509,37.374082775569974,62.957542451143574,17.05073083221509,17.05073083221509,0.9437445570767,0.9437445570767,0.9437445570767,1.9047427127121521,1.9047427127121521,1.9047427127121521,1.9047427127121521,1.9047427127121521,1.9047427127121521,0.9437445570767,0.9437445570767,0.9437445570767,50.471730688369895
17.051744785211255,33.307550347311626,59.58708273991102,17.051744785211255,17.051744785211255,0.9476936278183645,0.9476936278183645,0.9476936278183645,1.6642832581840554,1.6642832581840554,1.6642832581840554,1.6642832581840554,1.6642832581840554,1.6642832581840554,0.9476936278183645,0.9476936278183645,0.9476936278183645,46.37837178188399
17.052758738207412,27.346329035658016,54.7954069878171,17.052758738207412,17.052758738207412,0.9504808550106761,0.9504808550106761,0.9504808550106761,1.3507918426304018,1.3507918426304018,1.3507918426304018,1.3507918426304018,1.3507918426304018,1.3507918426304018,0.9504808550106761,0.9504808550106761,0.9504808550106761,41.03796699113297
17.053772691203573,22.195108617244156,48.290331208420476,17.053772691203573,17.053772691203573,0.9521004824675552,0.9521004824675552,0.9521004824675552,0.979019191135119,0.979019191135119,0.979019191135119,0.979019191135119,0.979019191135119,0.979019191135119,0.9521004824675552,0.9521004824675552,0.9521004824675552,34.701843919615435
17.054786644199737,15.366710607819993,40.61915042983527,17.054786644199737,17.054786644199737,0.9525498007048603,0.9525498007048603,0.9525498007048603,0.5753167693954391,0.5753167693954391,0.5753167693954391,0.5753167693954391,0.5753167693954391,0.5753167693954391,0.9525498007048603,0.9525498007048603,0.9525498007048603,27.819241199774073
17.055800597195898,7.662854888783896,33.574951230228976,17.055800597195898,17.055800597195898,0.9518291545690208,0.9518291545690208,0.9518291545690208,0.1729951987544313,0.1729951987544313,0.1729951987544313,0.1729951987544313,0.1729951987544313,0.1729951987544313,0.9518291545690208,0.9518291545690208,0.9518291545690208,20.958201365992775
17.056814550192062,1.362557749649362,27.866031109350597,17.056814550192062,17.056814550192062,0.9499419414603896,0.9499419414603896,0.9499419414603896,-0.19455817957557114,-0.19455817957557114,-0.19455817957557114,-0.19455817957557114,-0.19455817957557114,-0.19455817957557114,0.9499419414603896,0.9499419414603896,0.9499419414603896,14.688213703408971
17.057828503188222,-4.592085073851122,22.58155927103152,17.057828503188222,17.057828503188222,0.9468946001580213,0.9468946001580213,0.9468946001580213,-0.5008442984365382,-0.5008442984365382,-0.5008442984365382,-0.5008442984365382,-0.5008442984365382,-0.5008442984365382,0.9468946001580213,0.9468946001580213,0.9468946001580213,9.461406953816153
17.058842456184387,-6.686759347747107,18.825170055818184,17.058842456184387,17.058842456184387,0.9426965902798495,0.9426965902798495,0.9426965902798495,-0.7312005214601942,-0.7312005214601942,-0.7312005214601942,-0.7312005214601942,-0.7312005214601942,-0.7312005214601942,0.9426965902798495,0.9426965902798495,0.9426965902798495,5.528104546994912
17.059856409180544,-10.074447646706988,16.095284177161982,17.059856409180544,17.059856409180544,0.9373603624454037,0.9373603624454037,0.9373603624454037,-0.8844070411693793,-0.8844070411693793,-0.8844070411693793,-0.8844070411693793,-0.8844070411693793,-0.8844070411693793,0.9373603624454037,0.9373603624454037,0.9373603624454037,2.909359642008111
17.060870362176704,-11.60256124466836,15.282373833220259,17.060870362176704,17.060870362176704,0.9309013192289582,0.9309013192289582,0.9309013192289582,-0.9707965969373181,-0.9707965969373181,-0.9707965969373181,-0.9707965969373181,-0.9707965969373181,-0.9707965969373181,0.9309013192289582,0.9309013192289582,0.9309013192289582,1.429136793015768
17.061884315172865,-12.17480651030905,13.080351791291786,17.061884315172865,17.061884315172865,0.9233377670441484,0.9233377670441484,0.9233377670441484,-1.0078333011435012,-1.0078333011435012,-1.0078333011435012,-1.0078333011435012,-1.0078333011435012,-1.0078333011435012,0.9233377670441484,0.9233377670441484,0.9233377670441484,0.7896868891278191
17.081149422099937,-11.588885760245258,13.891988651552504,17.081149422099937,17.081149422099937,0.6126226698376034,0.6126226698376034,0.6126226698376034,-1.0053196429019655,-1.0053196429019655,-1.0053196429019655,-1.0053196429019655,-1.0053196429019655,-1.0053196429019655,0.6126226698376034,0.6126226698376034,0.6126226698376034,0.5217570545569171
17.082163375096098,-11.786029389005021,15.42787604373954,17.082163375096098,17.082163375096098,0.5905125691836045,0.5905125691836045,0.5905125691836045,-0.9612318338040556,-0.9612318338040556,-0.9612318338040556,-0.9612318338040556,-0.9612318338040556,-0.9612318338040556,0.5905125691836045,0.5905125691836045,0.5905125691836045,1.252756717895604
17.08317732809226,-9.697625502939925,14.929877515706986,17.08317732809226,17.08317732809226,0.5681841050118747,0.5681841050118747,0.5681841050118747,-0.8621978933211123,-0.8621978933211123,-0.8621978933211123,-0.8621978933211123,-0.8621978933211123,-0.8621978933211123,0.5681841050118747,0.5681841050118747,0.5681841050118747,2.922281929592
17.084191281088422,-7.888162055746746,19.13906188806858,17.084191281088422,17.084191281088422,0.5456921788215985,0.5456921788215985,0.5456921788215985,-0.6919957680938384,-0.6919957680938384,-0.6919957680938384,-0.6919957680938384,-0.6919957680938384,-0.6919957680938384,0.5456921788215985,0.5456921788215985,0.5456921788215985,5.80769539209118
17.08520523408458,-2.952020691685193,22.8579207858744,17.08520523408458,17.08520523408458,0.5230916416587351,0.5230916416587351,0.5230916416587351,-0.4436042105252648,-0.4436042105252648,-0.4436042105252648,-0.4436042105252648,-0.4436042105252648,-0.4436042105252648,0.5230916416587351,0.5230916416587351,0.5230916416587351,10.029227896215104
17.08621918708074,2.2933465749045734,28.16915915486476,17.08621918708074,17.08621918708074,0.500437126760345,0.500437126760345,0.500437126760345,-0.1228213133748853,-0.1228213133748853,-0.1228213133748853,-0.1228213133748853,-0.1228213133748853,-0.1228213133748853,0.500437126760345,0.500437126760345,0.500437126760345,15.488104432672662
17.087233140076904,8.71006256602706,35.89878594354183,17.087233140076904,17.087233140076904,0.47778288298590554,0.47778288298590554,0.47778288298590554,0.2512863762101114,0.2512863762101114,0.2512863762101114,0.2512863762101114,0.2512863762101114,0.2512863762101114,0.47778288298590554,0.47778288298590554,0.47778288298590554,21.85880491829006
17.088247093073065,15.685256413896917,42.12144833035631,17.088247093073065,17.088247093073065,0.4551826097324629,0.4551826097324629,0.4551826097324629,0.6495736869102914,0.6495736869102914,0.6495736869102914,0.6495736869102914,0.6495736869102914,0.6495736869102914,0.4551826097324629,0.4551826097324629,0.4551826097324629,28.64350536988707
17.08926104606923,22.47764237978582,48.04697278668485,17.08926104606923,17.08926104606923,0.43268929373201914,0.43268929373201914,0.43268929373201914,1.0388869553752218,1.0388869553752218,1.0388869553752218,1.0388869553752218,1.0388869553752218,1.0388869553752218,0.43268929373201914,0.43268929373201914,0.43268929373201914,35.27576071756449
17.09027499906539,28.179422837720406,54.38012308740829,17.09027499906539,17.09027499906539,0.4103550482696385,0.4103550482696385,0.4103550482696385,1.389214354713916,1.389214354713916,1.389214354713916,1.389214354713916,1.389214354713916,1.389214354713916,0.4103550482696385,0.4103550482696385,0.4103550482696385,41.24268540204502
17.091288952061554,32.30641791207177,59.32257387419926,17.091288952061554,17.091288952061554,0.38823095535164687,0.38823095535164687,0.38823095535164687,1.6796690793273428,1.6796690793273428,1.6796690793273428,1.6796690793273428,1.6796690793273428,1.6796690793273428,0.38823095535164687,0.38823095535164687,0.38823095535164687,46.18722948604001
17.09230290505771,37.71934787602989,62.991563094371,17.09230290505771,17.09230290505771,0.3663669113145792,0.3663669113145792,0.3663669113145792,1.9014052927811977,1.9014052927811977,1.9014052927811977,1.9014052927811977,1.9014052927811977,1.9014052927811977,0.3663669113145792,0.3663669113145792,0.3663669113145792,49.958065025868464
17.09331685805387,39.68348187609375,65.29882768734629,17.09331685805387,17.09331685805387,0.34481147630714026,0.34481147630714026,0.34481147630714026,2.056612941136625,2.056612941136625,2.056612941136625,2.056612941136625,2.056612941136625,2.056612941136625,0.34481147630714026,0.34481147630714026,0.34481147630714026,52.59246499158344
17.094330811050035,40.41204334847133,66.97232894738407,17.094330811050035,17.094330811050035,0.32361172819622713,0.32361172819622713,0.32361172819622713,2.154116630003963,2.154116630003963,2.154116630003963,2.154116630003963,2.154116630003963,2.154116630003963,0.32361172819622713,0.32361172819622713,0.32361172819622713,54.24112481811827
17.095344764046196,41.53633342819017,68.1661908886595,17.095344764046196,17.095344764046196,0.3028131213080335,0.3028131213080335,0.3028131213080335,2.2033117083639366,2.2033117083639366,2.2033117083639366,2.2033117083639366,2.2033117083639366,2.2033117083639366,0.3028131213080335,0.3028131213080335,0.3028131213080335,55.064531162495335
17.09635871704236,42.1039041003675,69.56137336807738,17.09635871704236,17.09635871704236,0.2824593504315515,0.2824593504315515,0.2824593504315515,2.2087556350294806,2.2087556350294806,2.2087556350294806,2.2087556350294806,2.2087556350294806,2.2087556350294806,0.2824593504315515,0.2824593504315515,0.2824593504315515,55.14049672222661
17.09737267003852,41.38071302558168,68.14894642115759,17.09737267003852,17.09737267003852,0.2625922205589107,0.2625922205589107,0.2625922205589107,2.1674691911063824,2.1674691911063824,2.1674691911063824,2.1674691911063824,2.1674691911063824,2.1674691911063824,0.2625922205589107,0.2625922205589107,0.2625922205589107,54.41799340177019
17.098386623034678,39.85029631902056,64.94170553442494,17.098386623034678,17.098386623034678,0.24325152274801734,0.24325152274801734,0.24325152274801734,2.069980717050327,2.069980717050327,2.069980717050327,2.069980717050327,2.069980717050327,2.069980717050327,0.24325152274801734,0.24325152274801734,0.24325152274801734,52.734968748135735
17.099400576030842,36.40878176406781,62.611784675714475,17.099400576030842,17.099400576030842,0.22447491645935566,0.22447491645935566,0.22447491645935566,1.9047427127066703,1.9047427127066703,1.9047427127066703,1.9047427127066703,1.9047427127066703,1.9047427127066703,0.22447491645935566,0.22447491645935566,0.22447491645935566,49.89383413133719
17.100414529027002,32.41570603935994,58.966185937434226,17.100414529027002,17.100414529027002,0.20629781880205977,0.20629781880205977,0.20629781880205977,1.6642832581776457,1.6642832581776457,1.6642832581776457,1.6642832581776457,1.6642832581776457,1.6642832581776457,0.20629781880205977,0.20629781880205977,0.20629781880205977,45.76664595638647
17.101428482023163,27.815017312479586,53.36343810333738,17.101428482023163,17.101428482023163,0.1887533010108705,0.1887533010108705,0.1887533010108705,1.3507918426205554,1.3507918426205554,1.3507918426205554,1.3507918426205554,1.3507918426205554,1.3507918426205554,0.1887533010108705,0.1887533010108705,0.1887533010108705,40.39065187370975
17.102442435019327,20.941617741619076,46.04222006294617,17.102442435019327,17.102442435019327,0.17187199241233697,0.17187199241233697,0.17187199241233697,0.9790191911261569,0.9790191911261569,0.9790191911261569,0.9790191911261569,0.9790191911261569,0.9790191911261569,0.17187199241233697,0.17187199241233697,0.17187199241233697,34.017933786445944
17.103456388015488,15.060872037364918,39.332843534928664,17.103456388015488,17.103456388015488,0.1556819923062894,0.1556819923062894,0.1556819923062894,0.5753167693849285,0.5753167693849285,0.5753167693849285,0.5753167693849285,0.5753167693849285,0.5753167693849285,0.1556819923062894,0.1556819923062894,0.1556819923062894,27.099043654790865
17.10447034101165,6.949185146394446,34.45815616065868,17.10447034101165,17.10447034101165,0.14020878992186545,0.14020878992186545,0.14020878992186545,0.17299519874295713,0.17299519874295713,0.17299519874295713,0.17299519874295713,0.17299519874295713,0.17299519874295713,0.14020878992186545,0.14020878992186545,0.14020878992186545,20.20367037696984
17.10548429400781,1.6778610519522685,26.842791954531567,17.10548429400781,17.10548429400781,0.12547519276337016,0.12547519276337016,0.12547519276337016,-0.1945581795861379,-0.1945581795861379,-0.1945581795861379,-0.1945581795861379,-0.1945581795861379,-0.1945581795861379,0.12547519276337016,0.12547519276337016,0.12547519276337016,13.902947601589744
17.106498247003973,-5.183794580225336,22.475480715548244,17.106498247003973,17.106498247003973,0.11150126353151325,0.11150126353151325,0.11150126353151325,-0.5008442984436858,-0.5008442984436858,-0.5008442984436858,-0.5008442984436858,-0.5008442984436858,-0.5008442984436858,0.11150126353151325,0.11150126353151325,0.11150126353151325,8.65030739718664
17.107512200000134,-8.65245458925373,17.990593046727763,17.107512200000134,17.107512200000134,0.09830426587298598,0.09830426587298598,0.09830426587298598,-0.7312005214679267,-0.7312005214679267,-0.7312005214679267,-0.7312005214679267,-0.7312005214679267,-0.7312005214679267,0.09830426587298598,0.09830426587298598,0.09830426587298598,4.696794624214104
17.108526152996294,-10.917798799225766,14.636962584131476,17.108526152996294,17.108526152996294,0.08589861902811273,0.08589861902811273,0.08589861902811273,-0.8844070411744007,-0.8844070411744007,-0.8844070411744007,-0.8844070411744007,-0.8844070411744007,-0.8844070411744007,0.08589861902811273,0.08589861902811273,0.08589861902811273,2.063523778198102
17.10954010599246,-12.434740263016002,13.422542536400659,17.10954010599246,17.10954010599246,0.07429586162443468,0.07429586162443468,0.07429586162443468,-0.9707965969378829,-0.9707965969378829,-0.9707965969378829,-0.9707965969378829,-0.9707965969378829,-0.9707965969378829,0.07429586162443468,0.07429586162443468,0.07429586162443468,0.5739526575471903
0.0,0.0,0.0,0.0,0.0,0.0,0.0,0.0,0.0,0.0,0.0,0.0,0.0,0.0,0.0,0.0,0.0,0.0
0.0,0.0,0.0,0.0,0.0,0.0,0.0,0.0,0.0,0.0,0.0,0.0,0.0,0.0,0.0,0.0,0.0,0.0
17.130833118911845,-13.145694842289982,14.313717596485548,17.130833118911845,17.130833118911845,0.006134691899258721,0.006134691899258721,0.006134691899258721,-0.9612318338094092,-0.9612318338094092,-0.9612318338094092,-0.9612318338094092,-0.9612318338094092,-0.9612318338094092,0.006134691899258721,0.006134691899258721,0.006134691899258721,0.6702656772365093
17.13184707190801,-11.503101692461422,15.025728302337185,17.13184707190801,17.13184707190801,0.009431596213922621,0.009431596213922621,0.009431596213922621,-0.8621978933314925,-0.8621978933314925,-0.8621978933314925,-0.8621978933314925,-0.8621978933314925,-0.8621978933314925,0.009431596213922621,0.009431596213922621,0.009431596213922621,2.370236213845547
17.13286102490417,-7.196334264537918,17.93336648926369,17.13286102490417,17.13286102490417,0.013054777554794445,0.013054777554794445,0.013054777554794445,-0.6919957680891161,-0.6919957680891161,-0.6919957680891161,-0.6919957680891161,-0.6919957680891161,-0.6919957680891161,0.013054777554794445,0.013054777554794445,0.013054777554794445,5.290048477966322
17.133874977900334,-4.148299834352296,22.808900963337127,17.133874977900334,17.133874977900334,0.016959038680553498,0.016959038680553498,0.016959038680553498,-0.4436042105523882,-0.4436042105523882,-0.4436042105523882,-0.4436042105523882,-0.4436042105523882,-0.4436042105523882,0.016959038680553498,0.016959038680553498,0.016959038680553498,9.550174933306092
17.134888930896494,2.97130923997545,28.041827743885072,17.134888930896494,17.134888930896494,0.021098174774524227,0.021098174774524227,0.021098174774524227,-0.12282131340464802,-0.12282131340464802,-0.12282131340464802,-0.12282131340464802,-0.12282131340464802,-0.12282131340464802,0.021098174774524227,0.021098174774524227,0.021098174774524227,15.051457542135545
17.13590288389266,7.977037701013278,35.43796709847507,17.13590288389266,17.13590288389266,0.02542513067027634,0.02542513067027634,0.02542513067027634,0.25128637622088235,0.25128637622088235,0.25128637622088235,0.25128637622088235,0.25128637622088235,0.25128637622088235,0.02542513067027634,0.02542513067027634,0.02542513067027634,21.467346953529287
17.136916836888815,15.781794716555257,40.97748278831915,17.136916836888815,17.136916836888815,0.0298921608189973,0.0298921608189973,0.0298921608189973,0.6495736868794824,0.6495736868794824,0.6495736868794824,0.6495736868794824,0.6495736868794824,0.6495736868794824,0.0298921608189973,0.0298921608189973,0.0298921608189973,28.298499249192755
17.137930789884976,22.54505001350023,47.62258925871259,17.137930789884976,17.137930789884976,0.03445099144646686,0.03445099144646686,0.03445099144646686,1.038886955350768,1.038886955350768,1.038886955350768,1.038886955350768,1.038886955350768,1.038886955350768,0.03445099144646686,0.03445099144646686,0.03445099144646686,34.97675452064723
17.13894474288114,28.84961113760847,53.87953014766063,17.13894474288114,17.13894474288114,0.03905298445724427,0.03905298445724427,0.03905298445724427,1.3892143547227502,1.3892143547227502,1.3892143547227502,1.3892143547227502,1.3892143547227502,1.3892143547227502,0.03905298445724427,0.03905298445724427,0.03905298445724427,40.98766578894888
17.1399586958773,32.791902803016185,58.57338661732865,17.1399586958773,17.1399586958773,0.043649302509080654,0.043649302509080654,0.043649302509080654,1.6796690793107594,1.6796690793107594,1.6796690793107594,1.6796690793107594,1.6796690793107594,1.6796690793107594,0.043649302509080654,0.043649302509080654,0.043649302509080654,45.97306664051505
17.14097264887346,37.916635112204766,63.33754059485415,17.14097264887346,17.14097264887346,0.04819107472687242,0.04819107472687242,0.04819107472687242,1.9014052927866736,1.9014052927866736,1.9014052927866736,1.9014052927866736,1.9014052927866736,1.9014052927866736,0.04819107472687242,0.04819107472687242,0.04819107472687242,49.78109984167994
17.141986601869625,39.122644221597874,65.9687536583476,17.141986601869625,17.141986601869625,0.052629562606088386,0.052629562606088386,0.052629562606088386,2.0566129411369403,2.0566129411369403,2.0566129411369403,2.0566129411369403,2.0566129411369403,2.0566129411369403,0.052629562606088386,0.052629562606088386,0.052629562606088386,52.449047646676824
17.143000554865786,41.39250329435127,66.46435798242445,17.143000554865786,17.143000554865786,0.05691632548590571,0.05691632548590571,0.05691632548590571,2.154116629995594,2.154116629995594,2.154116629995594,2.154116629995594,2.154116629995594,2.154116629995594,0.05691632548590571,0.05691632548590571,0.05691632548590571,54.12793946361178
17.144014507861947,41.80546484942341,68.07718099850976,17.144014507861947,17.144014507861947,0.06100338510942431,0.06100338510942431,0.06100338510942431,2.2033117083644687,2.2033117083644687,2.2033117083644687,2.2033117083644687,2.2033117083644687,2.2033117083644687,0.06100338510942431,0.06100338510942431,0.06100338510942431,54.97862578651391
17.145028460858107,42.40394852049778,67.89785346802425,17.145028460858107,17.145028460858107,0.06484338878950473,0.06484338878950473,0.06484338878950473,2.208755635028133,2.208755635028133,2.208755635028133,2.208755635028133,2.208755635028133,2.208755635028133,0.06484338878950473,0.06484338878950473,0.06484338878950473,55.07905007528568
17.14604241385427,41.20084264452472,67.20523661242366,17.14604241385427,17.14604241385427,0.06838977057014906,0.06838977057014906,0.06838977057014906,2.1674691911116652,2.1674691911116652,2.1674691911116652,2.1674691911116652,2.1674691911116652,2.1674691911116652,0.06838977057014906,0.06838977057014906,0.06838977057014906,54.37795086594744
17.147056366850432,39.31787662550967,65.89967780875966,17.147056366850432,17.147056366850432,0.07159690994821946,0.07159690994821946,0.07159690994821946,2.069980717046731,2.069980717046731,2.069980717046731,2.069980717046731,2.069980717046731,2.069980717046731,0.07159690994821946,0.07159690994821946,0.07159690994821946,52.712729310292424
17.148070319846592,35.92452288844298,62.77863130201376,17.148070319846592,17.148070319846592,0.07442028764117033,0.07442028764117033,0.07442028764117033,1.904742712700035,1.904742712700035,1.904742712700035,1.904742712700035,1.904742712700035,1.904742712700035,0.07442028764117033,0.07442028764117033,0.07442028764117033,49.88515258608331
17.149084272842757,32.44703701641022,58.3263206910891,17.149084272842757,17.149084272842757,0.07681663785429772,0.07681663785429772,0.07681663785429772,1.6642832581958413,1.6642832581958413,1.6642832581958413,1.6642832581958413,1.6642832581958413,1.6642832581958413,0.07681663785429772,0.07681663785429772,0.07681663785429772,45.76683475937886
17.150098225838914,28.088881823536184,53.114039110230195,17.150098225838914,17.150098225838914,0.07874409663137476,0.07874409663137476,0.07874409663137476,1.350791842609807,1.350791842609807,1.350791842609807,1.350791842609807,1.350791842609807,1.350791842609807,0.07874409663137476,0.07874409663137476,0.07874409663137476,40.395055105890414
17.151112178835078,20.543891328558338,47.079926334614974,17.151112178835078,17.151112178835078,0.08016234577547988,0.08016234577547988,0.08016234577547988,0.9790191911113341,0.9790191911113341,0.9790191911113341,0.9790191911113341,0.9790191911113341,0.9790191911113341,0.08016234577547988,0.08016234577547988,0.08016234577547988,34.022542496593424
17.15212613183124,12.942198073772614,40.77657797644505,17.15212613183124,17.15212613183124,0.08103275189241013,0.08103275189241013,0.08103275189241013,0.5753167693699445,0.5753167693699445,0.5753167693699445,0.5753167693699445,0.5753167693699445,0.5753167693699445,0.08103275189241013,0.08103275189241013,0.08103275189241013,27.101064677714604
17.153140084827402,7.302308088098772,33.30798364286325,17.153140084827402,17.153140084827402,0.08131850012692228,0.08131850012692228,0.08131850012692228,0.17299519872953042,0.17299519872953042,0.17299519872953042,0.17299519872953042,0.17299519872953042,0.17299519872953042,0.08131850012692228,0.08131850012692228,0.08131850012692228,20.201869462764517
17.154154037823563,0.6971257081929573,26.919120356675375,17.154154037823563,17.154154037823563,0.08098472214009332,0.08098472214009332,0.08098472214009332,-0.1945581795989449,-0.1945581795989449,-0.1945581795989449,-0.1945581795989449,-0.1945581795989449,-0.1945581795989449,0.08098472214009332,0.08098472214009332,0.08098472214009332,13.897657777804815
17.155167990819724,-4.467314636227244,21.955166473060054,17.155167990819724,17.155167990819724,0.07999861794708912,0.07999861794708912,0.07999861794708912,-0.5008442984563458,-0.5008442984563458,-0.5008442984563458,-0.5008442984563458,-0.5008442984563458,-0.5008442984563458,0.07999861794708912,0.07999861794708912,0.07999861794708912,8.643098531503949
17.156181943815884,-7.95586135529084,17.751121831241,17.156181943815884,17.156192276564717,0.07832957122793419,0.07832957122793419,0.07832957122793419,-0.7312005214754249,-0.7312005214754249,-0.7312005214754249,-0.7312005214754249,-0.7312005214754249,-0.7312005214754249,0.07832957122793419,0.07832957122793419,0.07832957122793419,4.689902331198375
17.157195896812045,-12.475852677478509,14.555148583162943,17.157195896812045,17.15722915499228,0.07594925769234212,0.07594925769234212,0.07594925769234212,-0.8844070411797158,-0.8844070411797158,-0.8844070411797158,-0.8844070411797158,-0.8844070411797158,-0.8844070411797158,0.07594925769234212,0.07594925769234212,0.07594925769234212,2.059200296464086
17.15820984980821,-12.644711048437662,13.497756305174347,17.15820984980821,17.158243236093696,0.07283174625091288,0.07283174625091288,0.07283174625091288,-0.9707965969431134,-0.9707965969431134,-0.9707965969431134,-0.9707965969431134,-0.9707965969431134,-0.9707965969431134,0.07283174625091288,0.07283174625091288,0.07283174625091288,0.5739098642295042
0.0,0.0,0.0,0.0,0.0,0.0,0.0,0.0,0.0,0.0,0.0,0.0,0.0,0.0,0.0,0.0,0.0,0.0
0.0,0.0,0.0,0.0,0.0,0.0,0.0,0.0,0.0,0.0,0.0,0.0,0.0,0.0,0.0,0.0,0.0,0.0
17.1795028627276,-11.653408059609681,14.149955144352651,17.1795028627276,17.181011008637764,-0.17994853923900683,-0.17994853923900683,-0.17994853923900683,-0.9612318338088718,-0.9612318338088718,-0.9612318338088718,-0.9612318338088718,-0.9612318338088718,-0.9612318338088718,-0.17994853923900683,-0.17994853923900683,-0.17994853923900683,0.48606928282417966
17.18051681572376,-10.371902568609134,14.770774898850973,17.18051681572376,17.182049457969157,-0.20027139911168176,-0.20027139911168176,-0.20027139911168176,-0.8621978933294238,-0.8621978933294238,-0.8621978933294238,-0.8621978933294238,-0.8621978933294238,-0.8621978933294238,-0.20027139911168176,-0.20027139911168176,-0.20027139911168176,2.1672400117843127
17.181530768719924,-7.101609807821172,19.145060297702635,17.181530768719924,17.18308790730055,-0.22116148690300902,-0.22116148690300902,-0.22116148690300902,-0.6919957681054965,-0.6919957681054965,-0.6919957681054965,-0.6919957681054965,-0.6919957681054965,-0.6919957681054965,-0.22116148690300902,-0.22116148690300902,-0.22116148690300902,5.070822700288351
17.182544721716084,-3.513976115348693,21.63180254290125,17.182544721716084,17.18412635663194,-0.24257934454228058,-0.24257934454228058,-0.24257934454228058,-0.443604210539663,-0.443604210539663,-0.443604210539663,-0.443604210539663,-0.443604210539663,-0.443604210539663,-0.24257934454228058,-0.24257934454228058,-0.24257934454228058,9.317716190834489
17.183558674712245,1.4073670651296335,27.918486273714947,17.183558674712245,17.185164805963332,-0.26448342363837357,-0.26448342363837357,-0.26448342363837357,-0.12282131339200825,-0.12282131339200825,-0.12282131339200825,-0.12282131339200825,-0.12282131339200825,-0.12282131339200825,-0.26448342363837357,-0.26448342363837357,-0.26448342363837357,14.808568005897078
17.184572627708405,8.409020848352908,35.175847979092936,17.184572627708405,17.186203255294725,-0.2868302068365377,-0.2868302068365377,-0.2868302068365377,0.25128637619317007,0.25128637619317007,0.25128637619317007,0.25128637619317007,0.25128637619317007,0.25128637619317007,-0.2868302068365377,-0.2868302068365377,-0.2868302068365377,21.215991402917055
17.18558658070457,15.485746909704186,40.56198782876031,17.18558658070457,17.18724170462612,-0.3095743354350643,-0.3095743354350643,-0.3095743354350643,0.6495736868936637,0.6495736868936637,0.6495736868936637,0.6495736868936637,0.6495736868936637,0.6495736868936637,-0.3095743354350643,-0.3095743354350643,-0.3095743354350643,28.039317081928044
17.18660053370073,21.4533136824989,47.836048144761854,17.18660053370073,17.188280153957514,-0.33266874301182225,-0.33266874301182225,-0.33266874301182225,1.0388869553597926,1.0388869553597926,1.0388869553597926,1.0388869553597926,1.0388869553597926,1.0388869553597926,-0.33266874301182225,-0.33266874301182225,-0.33266874301182225,34.708866892130246
17.18761448669689,27.76277362799029,53.10146128548872,17.18761448669689,17.189318603288903,-0.3560647945640675,-0.3560647945640675,-0.3560647945640675,1.3892143547003393,1.3892143547003393,1.3892143547003393,1.3892143547003393,1.3892143547003393,1.3892143547003393,-0.3560647945640675,-0.3560647945640675,-0.3560647945640675,40.70883046010765
17.18862843969305,32.099495858691284,58.57669242802417,17.18862843969305,17.190357052620293,-0.37971243077641836,-0.37971243077641836,-0.37971243077641836,1.6796690793160303,1.6796690793160303,1.6796690793160303,1.6796690793160303,1.6796690793160303,1.6796690793160303,-0.37971243077641836,-0.37971243077641836,-0.37971243077641836,45.680123714921194
17.189642392689212,35.660630390216724,61.71424404722598,17.189642392689212,17.19139550195169,-0.40356031688414434,-0.40356031688414434,-0.40356031688414434,1.901405292772359,1.901405292772359,1.901405292772359,1.901405292772359,1.901405292772359,1.901405292772359,-0.40356031688414434,-0.40356031688414434,-0.40356031688414434,49.47055910212845
17.190656345685376,38.20275707493169,65.1544553596241,17.190656345685376,17.192433951283082,-0.4275559958123411,-0.4275559958123411,-0.4275559958123411,2.0566129411303327,2.0566129411303327,2.0566129411303327,2.0566129411303327,2.0566129411303327,2.0566129411303327,-0.4275559958123411,-0.4275559958123411,-0.4275559958123411,52.11762665693385
17.191670298681537,41.39418113873565,66.69936972646929,17.191670298681537,17.19347240061447,-0.45164604494718286,-0.45164604494718286,-0.45164604494718286,2.154116630000219,2.154116630000219,2.154116630000219,2.154116630000219,2.154116630000219,2.154116630000219,-0.45164604494718286,-0.45164604494718286,-0.45164604494718286,53.77288714160508
17.1926842516777,42.86925512433686,68.4800263325126,17.1926842516777,17.195942920788955,-0.4757762361510541,-0.4757762361510541,-0.4757762361510541,2.203311708363289,2.203311708363289,2.203311708363289,2.203311708363289,2.203311708363289,2.203311708363289,-0.4757762361510541,-0.4757762361510541,-0.4757762361510541,54.597750525441256
17.19369820467386,41.310042693763755,67.46234416225819,17.19369820467386,17.197064151803392,-0.49989169852683696,-0.49989169852683696,-0.49989169852683696,2.208755635030816,2.208755635030816,2.208755635030816,2.208755635030816,2.208755635030816,2.208755635030816,-0.49989169852683696,-0.49989169852683696,-0.49989169852683696,54.67048430273964
17.19471215767002,41.00189824655223,67.28247438201157,17.19471215767002,17.198174037677607,-0.5239370833521139,-0.5239370833521139,-0.5239370833521139,2.1674691911103,2.1674691911103,2.1674691911103,2.1674691911103,2.1674691911103,2.1674691911103,-0.5239370833521139,-0.5239370833521139,-0.5239370833521139,53.93978392607738
17.195726110666183,39.20748097386367,64.76074548416321,17.195726110666183,17.199283923551825,-0.5478567307174089,-0.5478567307174089,-0.5478567307174089,2.06998071705688,2.06998071705688,2.06998071705688,2.06998071705688,2.06998071705688,2.06998071705688,-0.5478567307174089,-0.5478567307174089,-0.5478567307174089,52.24269084481927
17.196740063662343,36.6628342388574,62.52702541661664,17.196740063662343,17.200393809426043,-0.5715948373679663,-0.5715948373679663,-0.5715948373679663,1.9047427127158776,1.9047427127158776,1.9047427127158776,1.9047427127158776,1.9047427127158776,1.9047427127158776,-0.5715948373679663,-0.5715948373679663,-0.5715948373679663,49.3805105450244
17.197754016658507,32.58080549662336,58.03618594834665,17.197754016658507,17.201503695300257,-0.5950956251603858,-0.5950956251603858,-0.5950956251603858,1.6642832581893638,1.6642832581893638,1.6642832581893638,1.6642832581893638,1.6642832581893638,1.6642832581893638,-0.5950956251603858,-0.5950956251603858,-0.5950956251603858,45.224592479881764
17.198767969654668,27.928752914862255,52.687696076955895,17.198767969654668,17.202613581174475,-0.6183035096289755,-0.6183035096289755,-0.6183035096289755,1.3507918426346694,1.3507918426346694,1.3507918426346694,1.3507918426346694,1.3507918426346694,1.3507918426346694,-0.6183035096289755,-0.6183035096289755,-0.6183035096289755,39.81241993680166
17.199781922650832,20.386915459485557,45.158964982219416,17.199781922650832,17.203723467048697,-0.6411632682137594,-0.6411632682137594,-0.6411632682137594,0.9790191911023717,0.9790191911023717,0.9790191911023717,0.9790191911023717,0.9790191911023717,0.9790191911023717,-0.6411632682137594,-0.6411632682137594,-0.6411632682137594,33.39753523948789
17.200795875646993,13.86782461811325,38.752954563767986,17.200795875646993,17.20483335292291,-0.6636202074727625,-0.6636202074727625,-0.6636202074727625,0.5753167694019673,0.5753167694019673,0.5753167694019673,0.5753167694019673,0.5753167694019673,0.5753167694019673,-0.6636202074727625,-0.6636202074727625,-0.6636202074727625,26.43308198249414
17.20180982864315,6.020677947194765,32.8404099031571,17.20180982864315,17.20594323879713,-0.6856203288934973,-0.6856203288934973,-0.6856203288934973,0.17299519876009,0.17299519876009,0.17299519876009,0.17299519876009,0.17299519876009,0.17299519876009,-0.6856203288934973,-0.6856203288934973,-0.6856203288934973,19.492020010089046
17.20282378163931,-0.138117208175268,25.873717281201866,17.20282378163931,17.20704902113715,-0.7071104927064754,-0.7071104927064754,-0.7071104927064754,-0.19455817960951183,-0.19455817960951183,-0.19455817960951183,-0.19455817960951183,-0.19455817960951183,-0.19455817960951183,-0.7071104927064754,-0.7071104927064754,-0.7071104927064754,13.148763209833874
17.203837734635474,-5.6002515677792974,21.0823403088037,17.203837734635474,17.208174548213943,-0.728038579226253,-0.728038579226253,-0.728038579226253,-0.5008442984297128,-0.5008442984297128,-0.5008442984297128,-0.5008442984297128,-0.5008442984297128,-0.5008442984297128,-0.728038579226253,-0.728038579226253,-0.728038579226253,7.859355114907097
17.204851687631635,-9.82611466234631,16.97788474226135,17.204851687631635,17.209417060441123,-0.7483536471655587,-0.7483536471655587,-0.7483536471655587,-0.7312005214569592,-0.7312005214569592,-0.7312005214569592,-0.7312005214569592,-0.7312005214569592,-0.7312005214569592,-0.7483536471655587,-0.7483536471655587,-0.7483536471655587,3.8763015148801796
17.2058656406278,-11.759384083204479,14.040210369669726,17.2058656406278,17.210659572668302,-0.7680060885138017,-0.7680060885138017,-0.7680060885138017,-0.8844070411847372,-0.8844070411847372,-0.8844070411847372,-0.8844070411847372,-0.8844070411847372,-0.8844070411847372,-0.7680060885138017,-0.7680060885138017,-0.7680060885138017,1.2208708298642321
0.0,0.0,0.0,0.0,0.0,0.0,0.0,0.0,0.0,0.0,0.0,0.0,0.0,0.0,0.0,0.0,0.0,0.0
0.0,0.0,0.0,0.0,0.0,0.0,0.0,0.0,0.0,0.0,0.0,0.0,0.0,0.0,0.0,0.0,0.0,0.0
0.0,0.0,0.0,0.0,0.0,0.0,0.0,0.0,0.0,0.0,0.0,0.0,0.0,0.0,0.0,0.0,0.0,0.0
0.0,0.0,0.0,0.0,0.0,0.0,0.0,0.0,0.0,0.0,0.0,0.0,0.0,0.0,0.0,0.0,0.0,0.0
17.22918655953951,-12.657311937285778,14.301150166293292,17.22918655953951,17.236317883558986,-0.9534576082745353,-0.9534576082745353,-0.9534576082745353,-0.8621978933200966,-0.8621978933200966,-0.8621978933200966,-0.8621978933200966,-0.8621978933200966,-0.8621978933200966,-0.9534576082745353,-0.9534576082745353,-0.9534576082745353,1.4207605960110867
17.230200512535674,-7.8611346977459355,17.83544590647714,17.230200512535674,17.23742980374166,-0.9479605848110908,-0.9479605848110908,-0.9479605848110908,-0.69199576809746,-0.69199576809746,-0.69199576809746,-0.69199576809746,-0.69199576809746,-0.69199576809746,-0.9479605848110908,-0.9479605848110908,-0.9479605848110908,4.35901408957921
17.231214465531835,-4.9759540092663554,21.097215680624473,17.231214465531835,17.238541723924335,-0.9413259205977664,-0.9413259205977664,-0.9413259205977664,-0.4436042105316035,-0.4436042105316035,-0.4436042105316035,-0.4436042105316035,-0.4436042105316035,-0.4436042105316035,-0.9413259205977664,-0.9413259205977664,-0.9413259205977664,8.646049255451073
17.232228418528,1.679841376019373,27.56085342441828,17.232228418528,17.239653644107005,-0.9335721676665146,-0.9335721676665146,-0.9335721676665146,-0.12282131338067326,-0.12282131338067326,-0.12282131338067326,-0.12282131338067326,-0.12282131338067326,-0.12282131338067326,-0.9335721676665146,-0.9335721676665146,-0.9335721676665146,14.182171324022113
17.233242371524156,7.79546005859525,33.66282425794914,17.233242371524156,17.240765564289678,-0.9247207452203994,-0.9247207452203994,-0.9247207452203994,0.2512863762039412,0.2512863762039412,0.2512863762039412,0.2512863762039412,0.2512863762039412,0.2512863762039412,-0.9247207452203994,-0.9247207452203994,-0.9247207452203994,20.639000652088278
17.234256324520317,14.598938568105254,41.45496936409154,17.234256324520317,17.24187748447235,-0.9147958734496261,-0.9147958734496261,-0.9147958734496261,0.649573686904526,0.649573686904526,0.649573686904526,0.649573686904526,0.649573686904526,0.649573686904526,-0.9147958734496261,-0.9147958734496261,-0.9147958734496261,27.514379872846995
17.23527027751648,20.86127497652665,47.343024554742186,17.23527027751648,17.242987716177314,-0.9038244987972649,-0.9038244987972649,-0.9038244987972649,1.0388869553736775,1.0388869553736775,1.0388869553736775,1.0388869553736775,1.0388869553736775,1.0388869553736775,-0.9038244987972649,-0.9038244987972649,-0.9038244987972649,34.23694324237076
17.23628423051264,27.2551987760795,54.273011677840245,17.23628423051264,17.24409585709443,-0.891836210854947,-0.891836210854947,-0.891836210854947,1.3892143547120552,1.3892143547120552,1.3892143547120552,1.3892143547120552,1.3892143547120552,1.3892143547120552,-0.891836210854947,-0.891836210854947,-0.891836210854947,40.289341494582885
17.237298183508805,32.32522523182955,58.5663661783862,17.237298183508805,17.24520399801154,-0.8788631512091198,-0.8788631512091198,-0.8788631512091198,1.6796690793261995,1.6796690793261995,1.6796690793261995,1.6796690793261995,1.6796690793261995,1.6796690793261995,-0.8788631512091198,-0.8788631512091198,-0.8788631512091198,45.31139180226509
17.238312136504966,35.860713287484316,61.52464956953236,17.238312136504966,17.24631213892866,-0.8649399144965255,-0.8649399144965255,-0.8649399144965255,1.9014052927778347,1.9014052927778347,1.9014052927778347,1.9014052927778347,1.9014052927778347,1.9014052927778347,-0.8649399144965255,-0.8649399144965255,-0.8649399144965255,49.150390156915364
17.23932608950113,38.58478204502992,64.47459821058133,17.23932608950113,17.24742027984577,-0.8501034419466258,-0.8501034419466258,-0.8501034419466258,2.056612941134412,2.056612941134412,2.056612941134412,2.056612941134412,2.056612941134412,2.056612941134412,-0.8501034419466258,-0.8501034419466258,-0.8501034419466258,51.84384377965863
17.240340042497284,40.44625362204751,66.73526695572487,17.240340042497284,17.248528420762884,-0.8343929078223301,-0.8343929078223301,-0.8343929078223301,2.154116629999897,2.154116629999897,2.154116629999897,2.154116629999897,2.154116629999897,2.154116629999897,-0.8343929078223301,-0.8343929078223301,-0.8343929078223301,53.54365032707148
17.241353995493448,40.567584077456196,67.72170819797337,17.241353995493448,17.24963656168,-0.8178495990414786,-0.8178495990414786,-0.8178495990414786,2.2033117083632594,2.2033117083632594,2.2033117083632594,2.2033117083632594,2.2033117083632594,2.2033117083632594,-0.8178495990414786,-0.8178495990414786,-0.8178495990414786,54.41158152275835
17.24236794848961,40.98688996827205,67.13250890942227,17.24234354695817,17.250744702597117,-0.8005167883890963,-0.8005167883890963,-0.8005167883890963,2.2087556350294686,2.2087556350294686,2.2087556350294686,2.2087556350294686,2.2087556350294686,2.2087556350294686,-0.8005167883890963,-0.8005167883890963,-0.8005167883890963,54.52602852757843
17.243381901485773,41.73504490850944,67.3536413719994,17.243183887824507,17.251852843514232,-0.7824396017102904,-0.7824396017102904,-0.7824396017102904,2.1674691911072737,2.1674691911072737,2.1674691911072737,2.1674691911072737,2.1674691911072737,2.1674691911072737,-0.7824396017102904,-0.7824396017102904,-0.7824396017102904,53.83544132174266
17.244395854481933,38.80421414388087,65.79808301776177,17.243847372574212,17.252960984431343,-0.7636648795346337,-0.7636648795346337,-0.7636648795346337,2.069980717053283,2.069980717053283,2.069980717053283,2.069980717053283,2.069980717053283,2.069980717053283,-0.7636648795346337,-0.7636648795346337,-0.7636648795346337,52.17629787095848
17.245409807478097,36.383069818915445,62.87993184936899,17.24456708699656,17.25406912534846,-0.7442410334741865,-0.7442410334741865,-0.7442410334741865,1.9047427127092424,1.9047427127092424,1.9047427127092424,1.9047427127092424,1.9047427127092424,1.9047427127092424,-0.7442410334741865,-0.7442410334741865,-0.7442410334741865,49.34923743248231
17.246423760474254,33.31296975444146,58.240207896031535,17.245286801418906,17.25517726626557,-0.724217897969912,-0.724217897969912,-0.724217897969912,1.6642832581793472,1.6642832581793472,1.6642832581793472,1.6642832581793472,1.6642832581793472,1.6642832581793472,-0.724217897969912,-0.724217897969912,-0.724217897969912,45.225140190528144
17.247437713470415,27.55344949238913,53.8920107857601,17.246006515841255,17.256285407182688,-0.703646577744977,-0.703646577744977,-0.703646577744977,1.3507918426239214,1.3507918426239214,1.3507918426239214,1.3507918426239214,1.3507918426239214,1.3507918426239214,-0.703646577744977,-0.703646577744977,-0.703646577744977,39.84148930524545
17.24845166646658,19.69016442323901,47.62005531778224,17.246896698539707,17.257429929346618,-0.6825792915037512,-0.6825792915037512,-0.6825792915037512,0.9790191911309287,0.9790191911309287,0.9790191911309287,0.9790191911309287,0.9790191911309287,0.9790191911309287,-0.6825792915037512,-0.6825792915037512,-0.6825792915037512,33.452437573727856
17.24946561946274,13.313315210601983,39.668358521111436,17.247583677497342,17.259589001096828,-0.6610692123262815,-0.6610692123262815,-0.6610692123262815,0.5753167693869836,0.5753167693869836,0.5753167693869836,0.5753167693869836,0.5753167693869836,0.5753167693869836,-0.6610692123262815,-0.6610692123262815,-0.6610692123262815,26.512303240977605
17.250479572458904,6.972005375362913,33.148582288791715,17.248553022953775,17.261145100440736,-0.6391703053287382,-0.6391703053287382,-0.6391703053287382,0.1729951987466634,0.1729951987466634,0.1729951987466634,0.1729951987466634,0.1729951987466634,0.1729951987466634,-0.6391703053287382,-0.6391703053287382,-0.6391703053287382,19.595559409242952
17.251493525455064,1.0946912248235572,25.742195298682777,17.24952236841021,17.262197760412704,-0.6169371629759742,-0.6169371629759742,-0.6169371629759742,-0.1945581795828432,-0.1945581795828432,-0.1945581795828432,-0.1945581795828432,-0.1945581795828432,-0.1945581795828432,-0.6169371629759742,-0.6169371629759742,-0.6169371629759742,13.278137187081347
17.252507478451225,-4.8730911612571886,20.488332128872397,17.250491713866637,17.26325042038467,-0.5944248386890619,-0.5944248386890619,-0.5944248386890619,-0.5008442984423728,-0.5008442984423728,-0.5008442984423728,-0.5008442984423728,-0.5008442984423728,-0.5008442984423728,-0.5944248386890619,-0.5944248386890619,-0.5944248386890619,8.017262635345471
17.253521431447385,-8.216373927811773,18.111293078534278,17.25146105932307,17.26430308035664,-0.5716886792217513,-0.5716886792217513,-0.5716886792217513,-0.7312005214682037,-0.7312005214682037,-0.7312005214682037,-0.7312005214682037,-0.7312005214682037,-0.7312005214682037,-0.5716886792217513,-0.5716886792217513,-0.5716886792217513,4.0660488843884774
17.25453538444355,-11.700065497083449,13.734669137052968,17.252430404779506,17.26535574032861,-0.5487841562676746,-0.5487841562676746,-0.5487841562676746,-0.884407041172235,-0.884407041172235,-0.884407041172235,-0.884407041172235,-0.884407041172235,-0.884407041172235,-0.5487841562676746,-0.5487841562676746,-0.5487841562676746,1.4457186420185226
0.0,0.0,0.0,0.0,0.0,0.0,0.0,0.0,0.0,0.0,0.0,0.0,0.0,0.0,0.0,0.0,0.0,0.0
0.0,0.0,0.0,0.0,0.0,0.0,0.0,0.0,0.0,0.0,0.0,0.0,0.0,0.0,0.0,0.0,0.0,0.0
