flight,date,aircraft,ori,des,start_time,end_time,duration
1,7/1/06,TranspCom#1,CDG,ORY,0:00,0:30,0:30
73,7/1/06,TranspCom#3,ORY,CDG,0:00,0:30,0:30
2,7/1/06,TranspCom#2,CDG,ORY,0:20,0:50,0:30
74,7/1/06,TranspCom#4,ORY,CDG,0:20,0:50,0:30
75,7/1/06,TranspCom#1,ORY,CDG,0:40,1:10,0:30
3,7/1/06,TranspCom#3,CDG,ORY,0:40,1:10,0:30
76,7/1/06,TranspCom#2,ORY,CDG,1:00,1:30,0:30
4,7/1/06,TranspCom#4,CDG,ORY,1:00,1:30,0:30
5,7/1/06,TranspCom#1,CDG,ORY,1:20,1:50,0:30
77,7/1/06,TranspCom#3,ORY,CDG,1:20,1:50,0:30
6,7/1/06,TranspCom#2,CDG,ORY,1:40,2:10,0:30
78,7/1/06,TranspCom#4,ORY,CDG,1:40,2:10,0:30
79,7/1/06,TranspCom#1,ORY,CDG,2:00,2:30,0:30
7,7/1/06,TranspCom#3,CDG,ORY,2:00,2:30,0:30
80,7/1/06,TranspCom#2,ORY,CDG,2:20,2:50,0:30
8,7/1/06,TranspCom#4,CDG,ORY,2:20,2:50,0:30
9,7/1/06,TranspCom#1,CDG,ORY,2:40,3:10,0:30
81,7/1/06,TranspCom#3,ORY,CDG,2:40,3:10,0:30
10,7/1/06,TranspCom#2,CDG,ORY,3:00,3:30,0:30
82,7/1/06,TranspCom#4,ORY,CDG,3:00,3:30,0:30
83,7/1/06,TranspCom#1,ORY,CDG,3:20,3:50,0:30
11,7/1/06,TranspCom#3,CDG,ORY,3:20,3:50,0:30
84,7/1/06,TranspCom#2,ORY,CDG,3:40,4:10,0:30
12,7/1/06,TranspCom#4,CDG,ORY,3:40,4:10,0:30
13,7/1/06,TranspCom#1,CDG,ORY,4:00,4:30,0:30
85,7/1/06,TranspCom#3,ORY,CDG,4:00,4:30,0:30
14,7/1/06,TranspCom#2,CDG,ORY,4:20,4:50,0:30
86,7/1/06,TranspCom#4,ORY,CDG,4:20,4:50,0:30
87,7/1/06,TranspCom#1,ORY,CDG,4:40,5:10,0:30
15,7/1/06,TranspCom#3,CDG,ORY,4:40,5:10,0:30
2597,7/1/06,ERJ135#2,LEH,URO,5:00,5:20,0:20
88,7/1/06,TranspCom#2,ORY,CDG,5:00,5:30,0:30
16,7/1/06,TranspCom#4,CDG,ORY,5:00,5:30,0:30
5123,7/1/06,CRJ700#1,TLS,AMS,5:05,7:20,2:15
17,7/1/06,TranspCom#1,CDG,ORY,5:20,5:50,0:30
89,7/1/06,TranspCom#3,ORY,CDG,5:20,5:50,0:30
4600,7/1/06,A319#1,BES,CDG,5:25,6:45,1:20
2583,7/1/06,CRJ700#2,RNS,CDG,5:25,6:25,1:00
2587,7/1/06,ERJ145#4,CFR,LYS,5:25,6:35,1:10
2653,7/1/06,F100#4,BES,LYS,5:25,6:55,1:30
4636,7/1/06,F100#5,PUF,CDG,5:25,6:55,1:30
4194,7/1/06,A320#15,MLH,ORY,5:30,6:40,1:10
2866,7/1/06,A320#23,MRS,ORY,5:30,6:50,1:20
2573,7/1/06,BAE300#1,LIG,ORY,5:30,6:35,1:05
4334,7/1/06,ERJ145#1,AVN,ORY,5:30,6:45,1:15
2613,7/1/06,F100#6,RNS,LYS,5:30,6:45,1:15
4684,7/1/06,A319#16,MRS,LYS,5:35,6:35,1:00
4224,7/1/06,A320#1,BES,ORY,5:35,6:50,1:15
2593,7/1/06,A320#14,LIG,LYS,5:35,6:35,1:00
4584,7/1/06,A320#6,NTE,CDG,5:35,6:40,1:05
4522,7/1/06,ERJ145#3,CFE,CDG,5:35,6:40,1:05
4296,7/1/06,A318#1,CFE,ORY,5:40,6:35,0:55
4314,7/1/06,A319#2,PUF,ORY,5:40,7:00,1:20
4404,7/1/06,A319#3,MPL,ORY,5:40,7:05,1:25
4576,7/1/06,A320#22,NCE,CDG,5:40,7:15,1:35
2966,7/1/06,A320#7,TLS,ORY,5:40,7:00,1:20
2543,7/1/06,BAE200#1,RDZ,ORY,5:40,6:50,1:10
2598,7/1/06,ERJ135#2,URO,LYS,5:40,7:00,1:20
4694,7/1/06,ERJ145#5,NCE,LYS,5:40,6:35,0:55
18,7/1/06,TranspCom#2,CDG,ORY,5:40,6:10,0:30
90,7/1/06,TranspCom#4,ORY,CDG,5:40,6:10,0:30
4364,7/1/06,A319#6,TLN,ORY,5:45,7:10,1:25
4723,7/1/06,A320#20,NTE,LYS,5:45,7:00,1:15
2524,7/1/06,BAE300#2,UIP,ORY,5:45,6:55,1:10
4673,7/1/06,CRJ100#2,LIL,LYS,5:45,7:00,1:15
4764,7/1/06,CRJ700#3,NCE,BOD,5:45,7:10,1:25
4344,7/1/06,A320#12,BIQ,ORY,5:50,7:10,1:20
2965,7/1/06,A320#8,ORY,TLS,5:50,7:00,1:10
4704,7/1/06,A321#1,TLS,LYS,5:50,6:50,1:00
4264,7/1/06,A321#2,LYS,ORY,5:50,6:55,1:05
5163,7/1/06,CRJ100#4,BOD,AMS,5:50,7:40,1:50
2648,7/1/06,F100#2,SXB,LYS,5:50,6:50,1:00
4544,7/1/06,A319#15,MPL,CDG,5:55,7:25,1:30
1364,7/1/06,A320#2,AJA,ORY,5:55,7:35,1:40
1374,7/1/06,A320#3,BIA,ORY,5:55,7:30,1:35
2673,7/1/06,BAE300#3,SXB,LGW,5:55,7:20,1:25
3103,7/1/06,A318#8,ORY,NCE,6:00,7:20,1:20
2793,7/1/06,BAE200#3,LRT,ORY,6:00,7:10,1:10
2534,7/1/06,F100#1,BES,NTE,6:00,6:45,0:45
91,7/1/06,TranspCom#1,ORY,CDG,6:00,6:30,0:30
19,7/1/06,TranspCom#3,CDG,ORY,6:00,6:30,0:30
3064,7/1/06,A318#4,NCE,ORY,6:05,7:30,1:25
4656,7/1/06,A319#10,TLS,CDG,6:05,7:35,1:30
152,7/1/06,A320#4,MLH,CDG,6:05,7:20,1:15
3118,7/1/06,A318#6,BOD,ORY,6:10,7:20,1:10
2968,7/1/06,A320#10,TLS,ORY,6:10,7:30,1:20
4498,7/1/06,A318#7,BIQ,CDG,6:15,7:45,1:30
4523,7/1/06,A319#17,CDG,MRS,6:15,7:40,1:25
4643,7/1/06,A319#4,CDG,TLS,6:15,7:40,1:25
4563,7/1/06,A321#4,CDG,NCE,6:20,7:55,1:35
92,7/1/06,TranspCom#2,ORY,CDG,6:20,6:50,0:30
20,7/1/06,TranspCom#4,CDG,ORY,6:20,6:50,0:30
4514,7/1/06,A319#18,LYS,CDG,6:25,7:35,1:10
4375,7/1/06,A319#5,ORY,TLN,6:25,7:50,1:25
4574,7/1/06,A320#24,NCE,CDG,6:25,8:00,1:35
3107,7/1/06,A319#11,ORY,NCE,6:30,7:50,1:20
2872,7/1/06,A320#5,MRS,ORY,6:30,7:50,1:20
4483,7/1/06,A321#3,CDG,BOD,6:30,7:50,1:20
4360,7/1/06,ERJ145#2,LDE,ORY,6:30,7:55,1:25
4623,7/1/06,A320#19,ORY,SXB,6:35,7:35,1:00
4536,7/1/06,A320#21,MRS,CDG,6:35,8:05,1:30
2970,7/1/06,A320#11,TLS,ORY,6:40,8:00,1:20
2605,7/1/06,CRJ100#3,RNS,TLS,6:40,7:45,1:05
21,7/1/06,TranspCom#1,CDG,ORY,6:40,7:10,0:30
93,7/1/06,TranspCom#3,ORY,CDG,6:40,7:10,0:30
2969,7/1/06,A320#9,ORY,TLS,6:50,8:00,1:10
4618,7/1/06,A318#2,ETZ,ORY,7:00,8:10,1:10
3065,7/1/06,A318#5,ORY,NCE,7:00,8:20,1:20
4164,7/1/06,A319#8,SXB,ORY,7:00,8:00,1:00
2610,7/1/06,BAE200#2,RNS,NCE,7:00,8:35,1:35
22,7/1/06,TranspCom#2,CDG,ORY,7:00,7:30,0:30
94,7/1/06,TranspCom#4,ORY,CDG,7:00,7:30,0:30
2624,7/1/06,A318#3,NTE,MRS,7:05,8:25,1:20
3117,7/1/06,A319#14,ORY,BOD,7:15,8:20,1:05
4517,7/1/06,ERJ145#3,CDG,CFE,7:15,8:15,1:00
2634,7/1/06,F100#1,NTE,SXB,7:15,8:35,1:20
95,7/1/06,TranspCom#1,ORY,CDG,7:20,7:50,0:30
23,7/1/06,TranspCom#3,CDG,ORY,7:20,7:50,0:30
4385,7/1/06,A319#7,ORY,PGF,7:25,8:45,1:20
4486,7/1/06,A320#16,BOD,CDG,7:25,8:50,1:25
2544,7/1/06,BAE200#1,ORY,RDZ,7:25,8:30,1:05
2520,7/1/06,F100#3,NTE,TLS,7:25,8:25,1:00
3067,7/1/06,A319#13,ORY,NCE,7:30,8:50,1:20
4685,7/1/06,A319#16,LYS,MRS,7:30,8:30,1:00
2868,7/1/06,A320#17,MRS,ORY,7:30,8:50,1:20
4400,7/1/06,ERJ135#1,FSC,ORY,7:30,9:15,1:45
4639,7/1/06,F100#5,CDG,PUF,7:30,9:00,1:30
2873,7/1/06,A320#23,ORY,MRS,7:35,8:50,1:15
2974,7/1/06,A320#8,TLS,ORY,7:40,9:00,1:20
4265,7/1/06,A321#2,ORY,LYS,7:40,8:45,1:05
4676,7/1/06,CRJ100#2,LYS,LIL,7:40,8:55,1:15
2599,7/1/06,ERJ135#2,LYS,LEH,7:40,9:10,1:30
2588,7/1/06,ERJ145#4,LYS,CFR,7:40,8:55,1:15
2647,7/1/06,F100#2,LYS,SXB,7:40,8:40,1:00
2654,7/1/06,F100#4,LYS,BES,7:40,9:15,1:35
96,7/1/06,TranspCom#2,ORY,CDG,7:40,8:10,0:30
24,7/1/06,TranspCom#4,CDG,ORY,7:40,8:10,0:30
4405,7/1/06,A319#3,ORY,MPL,7:45,9:00,1:15
4703,7/1/06,A321#1,LYS,TLS,7:45,8:50,1:05
2523,7/1/06,BAE300#2,ORY,UIP,7:45,8:50,1:05
4765,7/1/06,CRJ700#3,BOD,NCE,7:45,9:00,1:15
2614,7/1/06,F100#6,LYS,RNS,7:45,9:05,1:20
2973,7/1/06,A320#7,ORY,TLS,7:50,9:00,1:10
4693,7/1/06,ERJ145#5,LYS,NCE,7:50,8:50,1:00
4363,7/1/06,A319#6,ORY,TLN,7:55,9:15,1:20
4343,7/1/06,A320#12,ORY,BIQ,7:55,9:10,1:15
4726,7/1/06,A320#20,LYS,NTE,7:55,9:10,1:15
2794,7/1/06,BAE200#3,ORY,LRT,7:55,9:00,1:05
2674,7/1/06,BAE300#3,LGW,SXB,7:55,9:25,1:30
3069,7/1/06,A318#4,ORY,NCE,8:00,9:20,1:20
4165,7/1/06,A319#12,ORY,SXB,8:00,9:00,1:00
4315,7/1/06,A319#2,ORY,PUF,8:00,9:15,1:15
3122,7/1/06,A320#18,BOD,ORY,8:00,9:10,1:10
2574,7/1/06,BAE300#1,ORY,LIG,8:00,9:00,1:00
25,7/1/06,TranspCom#1,CDG,ORY,8:00,8:30,0:30
97,7/1/06,TranspCom#3,ORY,CDG,8:00,8:30,0:30
3068,7/1/06,A318#8,NCE,ORY,8:05,9:30,1:25
145,7/1/06,A320#4,CDG,MLH,8:05,9:15,1:10
4583,7/1/06,A320#6,CDG,NTE,8:05,9:10,1:05
4406,7/1/06,A321#5,MPL,ORY,8:05,9:25,1:20
4295,7/1/06,A318#1,ORY,CFE,8:10,9:05,0:55
3119,7/1/06,A318#6,ORY,BOD,8:10,9:15,1:05
4475,7/1/06,A319#9,ORY,CLY,8:10,9:45,1:35
4225,7/1/06,A320#1,ORY,BES,8:10,9:20,1:10
4168,7/1/06,A320#13,SXB,ORY,8:10,9:10,1:00
4551,7/1/06,A320#22,CDG,MPL,8:10,9:35,1:25
2978,7/1/06,CRJ100#1,TLS,ORY,8:10,9:30,1:20
2606,7/1/06,CRJ100#3,TLS,RNS,8:10,9:20,1:10
4195,7/1/06,A320#15,ORY,MLH,8:15,9:15,1:00
4333,7/1/06,ERJ145#1,ORY,AVN,8:15,9:30,1:15
26,7/1/06,TranspCom#2,CDG,ORY,8:20,8:50,0:30
98,7/1/06,TranspCom#4,ORY,CDG,8:20,8:50,0:30
1363,7/1/06,A320#2,ORY,AJA,8:25,10:05,1:40
5124,7/1/06,CRJ700#1,AMS,TLS,8:25,10:20,1:55
4503,7/1/06,A319#18,CDG,LYS,8:30,9:40,1:10
1379,7/1/06,A320#3,ORY,BIA,8:30,10:05,1:35
4515,7/1/06,A318#7,CDG,LYS,8:35,9:45,1:10
3108,7/1/06,A319#11,NCE,ORY,8:35,10:00,1:25
4376,7/1/06,A319#5,TLN,ORY,8:35,10:05,1:30
2879,7/1/06,A320#5,ORY,MRS,8:35,9:50,1:15
4617,7/1/06,A318#2,ORY,ETZ,8:40,9:40,1:00
2976,7/1/06,A320#9,TLS,ORY,8:40,10:00,1:20
99,7/1/06,TranspCom#1,ORY,CDG,8:40,9:10,0:30
27,7/1/06,TranspCom#3,CDG,ORY,8:40,9:10,0:30
4359,7/1/06,ERJ145#2,ORY,LDE,8:45,10:05,1:20
2975,7/1/06,A320#10,ORY,TLS,8:50,10:00,1:10
5164,7/1/06,CRJ100#4,AMS,BOD,8:55,10:45,1:50
4518,7/1/06,ERJ145#3,CFE,CDG,8:55,10:00,1:05
2519,7/1/06,F100#3,TLS,NTE,8:55,9:55,1:00
2623,7/1/06,A318#3,MRS,NTE,9:00,10:25,1:25
100,7/1/06,TranspCom#2,ORY,CDG,9:00,9:30,0:30
28,7/1/06,TranspCom#4,CDG,ORY,9:00,9:30,0:30
3070,7/1/06,A318#5,NCE,ORY,9:05,10:30,1:25
4524,7/1/06,A319#17,MRS,CDG,9:05,10:35,1:30
4564,7/1/06,A321#4,NCE,CDG,9:05,10:40,1:35
2633,7/1/06,F100#1,SXB,NTE,9:05,10:25,1:20
3144,7/1/06,A319#14,BOD,ORY,9:10,10:20,1:10
2972,7/1/06,A319#4,TLS,ORY,9:10,10:30,1:20
2661,7/1/06,BAE200#2,NCE,BES,9:10,11:05,1:55
4837,7/1/06,F100#2,SXB,NCE,9:15,10:35,1:20
4488,7/1/06,A321#3,BOD,CDG,9:20,10:45,1:25
29,7/1/06,TranspCom#1,CDG,ORY,9:20,9:50,0:30
101,7/1/06,TranspCom#3,ORY,CDG,9:20,9:50,0:30
4599,7/1/06,A319#1,CDG,BES,9:30,10:45,1:15
4645,7/1/06,A319#10,CDG,TLS,9:30,10:55,1:25
4269,7/1/06,A320#11,ORY,LYS,9:30,10:35,1:05
4525,7/1/06,A320#21,CDG,MRS,9:30,10:55,1:25
4268,7/1/06,A321#2,LYS,ORY,9:30,10:35,1:05
2600,7/1/06,ERJ135#2,LEH,URO,9:30,9:50,0:20
4386,7/1/06,A319#7,PGF,ORY,9:35,11:00,1:25
2877,7/1/06,A320#17,ORY,MRS,9:35,10:50,1:15
4626,7/1/06,A320#19,SXB,CDG,9:35,10:45,1:10
4565,7/1/06,A320#24,CDG,NCE,9:35,11:10,1:35
4658,7/1/06,A321#1,TLS,CDG,9:35,11:05,1:30
2980,7/1/06,A320#7,TLS,ORY,9:40,11:00,1:20
4393,7/1/06,ERJ135#1,ORY,FSC,9:40,11:25,1:45
30,7/1/06,TranspCom#2,CDG,ORY,9:40,10:10,0:30
102,7/1/06,TranspCom#4,ORY,CDG,9:40,10:10,0:30
2795,7/1/06,BAE200#3,LRT,ORY,9:45,10:50,1:05
2526,7/1/06,BAE300#2,UIP,ORY,9:45,10:55,1:10
4638,7/1/06,F100#5,PUF,CDG,9:45,11:15,1:30
4298,7/1/06,A318#1,CFE,ORY,9:50,10:45,0:55
4526,7/1/06,A319#16,MRS,CDG,9:50,11:20,1:30
4408,7/1/06,A319#3,MPL,ORY,9:50,11:10,1:20
4502,7/1/06,A320#12,BIQ,CDG,9:50,11:20,1:30
2977,7/1/06,A320#8,ORY,TLS,9:50,11:00,1:10
4791,7/1/06,CRJ100#2,LIL,NCE,9:50,11:35,1:45
2521,7/1/06,CRJ100#3,RNS,MPL,9:50,11:05,1:15
4696,7/1/06,ERJ145#5,NCE,LYS,9:50,10:45,0:55
4485,7/1/06,A320#16,CDG,BOD,9:55,11:15,1:20
146,7/1/06,A320#4,MLH,CDG,9:55,11:10,1:15
3073,7/1/06,A318#8,ORY,NCE,10:00,11:20,1:20
4784,7/1/06,A319#13,NCE,LIL,10:00,11:40,1:40
4504,7/1/06,A320#14,LYS,CDG,10:00,11:10,1:10
4588,7/1/06,A320#6,NTE,CDG,10:00,11:05,1:05
103,7/1/06,TranspCom#1,ORY,CDG,10:00,10:30,0:30
31,7/1/06,TranspCom#3,CDG,ORY,10:00,10:30,0:30
3074,7/1/06,A318#4,NCE,ORY,10:05,11:30,1:25
3124,7/1/06,A318#6,BOD,ORY,10:05,11:15,1:10
4366,7/1/06,A319#6,TLN,ORY,10:05,11:30,1:25
4228,7/1/06,A320#1,BES,ORY,10:05,11:20,1:15
4200,7/1/06,A320#15,MLH,ORY,10:05,11:15,1:10
2581,7/1/06,BAE300#1,LIG,CDG,10:05,11:20,1:15
4336,7/1/06,ERJ145#1,AVN,ORY,10:05,11:20,1:15
2657,7/1/06,F100#4,BES,MRS,10:05,11:45,1:40
4170,7/1/06,A319#12,SXB,ORY,10:10,11:10,1:00
4320,7/1/06,A319#2,PUF,ORY,10:10,11:30,1:20
3121,7/1/06,A320#18,ORY,BOD,10:10,11:15,1:05
4725,7/1/06,A320#20,NTE,LYS,10:10,11:25,1:15
4409,7/1/06,A321#5,ORY,MPL,10:15,11:30,1:15
104,7/1/06,TranspCom#2,ORY,CDG,10:20,10:50,0:30
32,7/1/06,TranspCom#4,CDG,ORY,10:20,10:50,0:30
4167,7/1/06,A320#13,ORY,SXB,10:25,11:25,1:00
4543,7/1/06,CRJ700#2,CDG,MPL,10:25,11:50,1:25
4552,7/1/06,A320#22,MPL,CDG,10:30,12:00,1:30
2886,7/1/06,A320#5,MRS,ORY,10:30,11:50,1:20
4624,7/1/06,BAE300#3,SXB,CDG,10:30,11:40,1:10
3097,7/1/06,A319#11,ORY,NCE,10:35,11:55,1:20
2982,7/1/06,A320#10,TLS,ORY,10:40,12:00,1:20
33,7/1/06,TranspCom#1,CDG,ORY,10:40,11:10,0:30
105,7/1/06,TranspCom#3,ORY,CDG,10:40,11:10,0:30
4476,7/1/06,A319#9,CLY,ORY,10:45,12:15,1:30
4345,7/1/06,CRJ100#1,ORY,BIQ,10:45,12:00,1:15
4350,7/1/06,ERJ145#2,LDE,ORY,10:45,12:10,1:25
2518,7/1/06,F100#3,NTE,TLS,10:45,11:45,1:00
2981,7/1/06,A320#9,ORY,TLS,10:50,12:00,1:10
4516,7/1/06,A319#18,LYS,CDG,10:55,12:05,1:10
2533,7/1/06,F100#1,NTE,BES,10:55,11:35,0:40
2630,7/1/06,A318#3,NTE,MRS,11:00,12:20,1:20
3075,7/1/06,A318#5,ORY,NCE,11:00,12:20,1:20
1378,7/1/06,A320#3,BIA,ORY,11:00,12:35,1:35
5125,7/1/06,CRJ700#1,TLS,AMS,11:00,13:10,2:10
34,7/1/06,TranspCom#2,CDG,ORY,11:00,11:30,0:30
106,7/1/06,TranspCom#4,ORY,CDG,11:00,11:30,0:30
4229,7/1/06,A318#1,ORY,BES,11:15,12:25,1:10
4838,7/1/06,F100#2,NCE,SXB,11:15,12:35,1:20
4270,7/1/06,A320#11,LYS,ORY,11:20,12:25,1:05
4273,7/1/06,A321#2,ORY,LYS,11:20,12:25,1:05
107,7/1/06,TranspCom#1,ORY,CDG,11:20,11:50,0:30
35,7/1/06,TranspCom#3,CDG,ORY,11:20,11:50,0:30
5165,7/1/06,CRJ100#4,BOD,AMS,11:25,13:15,1:50
4699,7/1/06,ERJ145#5,LYS,NCE,11:25,12:25,1:00
3111,7/1/06,A319#5,ORY,NCE,11:30,12:50,1:20
2888,7/1/06,A320#17,MRS,ORY,11:30,12:50,1:20
4527,7/1/06,A319#17,CDG,MRS,11:35,13:00,1:25
2883,7/1/06,A319#8,ORY,MRS,11:35,12:50,1:15
4567,7/1/06,A321#4,CDG,NCE,11:35,13:10,1:35
2522,7/1/06,CRJ100#3,MPL,RNS,11:35,12:55,1:20
3076,7/1/06,CRJ700#3,NCE,ORY,11:35,13:00,1:25
4431,7/1/06,A319#4,ORY,AJA,11:40,13:20,1:40
4625,7/1/06,A320#19,CDG,SXB,11:40,12:50,1:10
2984,7/1/06,A320#8,TLS,ORY,11:40,13:00,1:20
108,7/1/06,TranspCom#2,ORY,CDG,11:40,12:10,0:30
36,7/1/06,TranspCom#4,CDG,ORY,11:40,12:10,0:30
4587,7/1/06,A320#6,CDG,NTE,11:45,12:50,1:05
2662,7/1/06,BAE200#2,BES,NCE,11:45,13:35,1:50
2983,7/1/06,A320#7,ORY,TLS,11:50,13:00,1:10
4648,7/1/06,A319#10,TLS,CDG,11:55,13:25,1:30
4657,7/1/06,A321#1,CDG,TLS,11:55,13:20,1:25
3077,7/1/06,A318#4,ORY,NCE,12:00,13:20,1:20
4387,7/1/06,A319#7,ORY,PGF,12:00,13:20,1:20
4566,7/1/06,A320#24,NCE,CDG,12:00,13:35,1:35
147,7/1/06,A320#4,CDG,MLH,12:00,13:10,1:10
37,7/1/06,TranspCom#1,CDG,ORY,12:00,12:30,0:30
109,7/1/06,TranspCom#3,ORY,CDG,12:00,12:30,0:30
3088,7/1/06,A318#8,NCE,ORY,12:05,13:30,1:25
4317,7/1/06,A319#2,ORY,PUF,12:05,13:20,1:15
4528,7/1/06,A320#21,MRS,CDG,12:05,13:35,1:30
3123,7/1/06,A318#6,ORY,BOD,12:10,13:15,1:05
2869,7/1/06,A319#14,ORY,MRS,12:10,13:25,1:15
4197,7/1/06,A320#15,ORY,MLH,12:10,13:10,1:00
2796,7/1/06,BAE200#3,ORY,LRT,12:10,13:15,1:05
4602,7/1/06,A319#1,BES,CDG,12:15,13:35,1:20
4411,7/1/06,A319#3,ORY,MPL,12:15,13:30,1:15
4507,7/1/06,A320#14,CDG,LYS,12:15,13:25,1:10
4394,7/1/06,ERJ135#1,FSC,ORY,12:15,14:00,1:45
2517,7/1/06,F100#3,TLS,NTE,12:15,13:15,1:00
4410,7/1/06,A321#5,MPL,ORY,12:20,13:40,1:20
4337,7/1/06,ERJ145#1,ORY,AVN,12:20,13:35,1:15
2655,7/1/06,F100#1,BES,LYS,12:20,13:50,1:30
38,7/1/06,TranspCom#2,CDG,ORY,12:20,12:50,0:30
110,7/1/06,TranspCom#4,ORY,CDG,12:20,12:50,0:30
4487,7/1/06,A321#3,CDG,BOD,12:25,13:45,1:20
2658,7/1/06,F100#4,MRS,BES,12:25,14:05,1:40
4369,7/1/06,A319#6,ORY,TLN,12:30,13:50,1:20
2582,7/1/06,BAE300#1,CDG,LIG,12:30,13:45,1:15
2584,7/1/06,ERJ145#3,CDG,RNS,12:30,13:35,1:05
2595,7/1/06,ERJ145#4,CFR,LYS,12:30,13:40,1:10
3086,7/1/06,A319#11,NCE,ORY,12:35,14:00,1:25
4679,7/1/06,A319#13,LIL,LYS,12:35,13:50,1:15
4501,7/1/06,A320#12,CDG,BIQ,12:35,14:00,1:25
4490,7/1/06,A320#16,BOD,CDG,12:35,14:00,1:25
2919,7/1/06,A320#5,ORY,MRS,12:35,13:50,1:15
2619,7/1/06,F100#6,RNS,LYS,12:35,13:50,1:15
4506,7/1/06,A318#7,LYS,CDG,12:40,13:50,1:10
2986,7/1/06,A320#9,TLS,ORY,12:40,14:00,1:20
4546,7/1/06,CRJ700#2,MPL,CDG,12:40,14:10,1:30
111,7/1/06,TranspCom#1,ORY,CDG,12:40,13:10,0:30
39,7/1/06,TranspCom#3,CDG,ORY,12:40,13:10,0:30
4668,7/1/06,A320#18,BOD,LYS,12:45,13:55,1:10
2985,7/1/06,A320#10,ORY,TLS,12:50,14:00,1:10
4577,7/1/06,A320#22,CDG,NCE,12:50,13:25,0:35
4348,7/1/06,CRJ100#1,BIQ,ORY,12:50,14:10,1:20
2629,7/1/06,A318#3,MRS,NTE,12:55,14:20,1:25
4349,7/1/06,ERJ145#2,ORY,LDE,12:55,14:15,1:20
3091,7/1/06,A319#9,ORY,NCE,13:00,14:20,1:20
2798,7/1/06,BAE300#2,ORY,LRT,13:00,14:05,1:05
4585,7/1/06,F100#5,CDG,NTE,13:00,14:05,1:05
112,7/1/06,TranspCom#2,ORY,CDG,13:00,13:30,0:30
40,7/1/06,TranspCom#4,CDG,ORY,13:00,13:30,0:30
4232,7/1/06,A318#1,BES,ORY,13:05,14:20,1:15
3080,7/1/06,A318#5,NCE,ORY,13:05,14:30,1:25
4768,7/1/06,CRJ100#2,NCE,BOD,13:05,14:30,1:25
4700,7/1/06,ERJ145#5,NCE,LYS,13:05,14:00,0:55
4509,7/1/06,A319#18,CDG,LYS,13:10,14:20,1:10
4272,7/1/06,A321#2,LYS,ORY,13:10,14:15,1:05
4627,7/1/06,BAE300#3,CDG,SXB,13:10,14:20,1:10
2644,7/1/06,F100#2,SXB,LYS,13:10,14:10,1:00
41,7/1/06,TranspCom#1,CDG,ORY,13:20,13:50,0:30
113,7/1/06,TranspCom#3,ORY,CDG,13:20,13:50,0:30
1375,7/1/06,A320#3,ORY,BIA,13:25,15:00,1:35
2892,7/1/06,A319#8,MRS,ORY,13:30,14:50,1:20
3112,7/1/06,A319#5,NCE,ORY,13:35,15:00,1:25
4174,7/1/06,A320#13,SXB,ORY,13:35,14:35,1:00
2889,7/1/06,A320#17,ORY,MRS,13:35,14:50,1:15
4590,7/1/06,A320#6,NTE,CDG,13:35,14:40,1:05
4271,7/1/06,A320#11,ORY,LYS,13:40,14:45,1:05
2988,7/1/06,A320#7,TLS,ORY,13:40,15:00,1:20
42,7/1/06,TranspCom#2,CDG,ORY,13:40,14:10,0:30
114,7/1/06,TranspCom#4,ORY,CDG,13:40,14:10,0:30
148,7/1/06,A320#4,MLH,CDG,13:50,15:05,1:15
2989,7/1/06,A320#8,ORY,TLS,13:50,15:00,1:10
2626,7/1/06,F100#3,NTE,MRS,13:50,15:10,1:20
4202,7/1/06,A320#15,MLH,ORY,13:55,15:05,1:10
4568,7/1/06,A321#4,NCE,CDG,13:55,15:30,1:35
3081,7/1/06,A318#8,ORY,NCE,14:00,15:20,1:20
2874,7/1/06,A320#23,MRS,ORY,14:00,15:20,1:20
2797,7/1/06,BAE200#3,LRT,ORY,14:00,15:05,1:05
4213,7/1/06,CRJ100#3,RNS,ORY,14:00,15:05,1:05
5093,7/1/06,CRJ100#4,AMS,CFE,14:00,15:30,1:30
3063,7/1/06,CRJ700#3,ORY,NCE,14:00,15:25,1:25
115,7/1/06,TranspCom#1,ORY,CDG,14:00,14:30,0:30
43,7/1/06,TranspCom#3,CDG,ORY,14:00,14:30,0:30
3082,7/1/06,A318#4,NCE,ORY,14:05,15:30,1:25
3128,7/1/06,A318#6,BOD,ORY,14:05,15:15,1:10
4388,7/1/06,A319#7,PGF,ORY,14:05,15:30,1:25
2609,7/1/06,BAE200#2,NCE,RNS,14:05,15:45,1:40
4322,7/1/06,A319#2,PUF,ORY,14:10,15:30,1:20
4634,7/1/06,A320#19,SXB,CDG,14:10,15:20,1:10
4412,7/1/06,A319#3,MPL,ORY,14:20,15:40,1:20
116,7/1/06,TranspCom#2,ORY,CDG,14:20,14:50,0:30
44,7/1/06,TranspCom#4,CDG,ORY,14:20,14:50,0:30
4519,7/1/06,A318#7,CDG,CFE,14:25,15:25,1:00
4171,7/1/06,A319#12,ORY,SXB,14:25,15:25,1:00
4413,7/1/06,A321#5,ORY,MPL,14:25,15:40,1:15
4619,7/1/06,A318#2,ETZ,MRS,14:30,16:10,1:40
2896,7/1/06,A320#5,MRS,ORY,14:30,15:50,1:20
5126,7/1/06,CRJ700#1,AMS,TLS,14:30,16:25,1:55
2656,7/1/06,F100#1,LYS,BES,14:30,15:55,1:25
4432,7/1/06,A319#4,AJA,ORY,14:35,16:15,1:40
4529,7/1/06,A320#21,CDG,MRS,14:35,16:00,1:25
4370,7/1/06,A319#6,TLN,ORY,14:40,16:05,1:25
4239,7/1/06,A320#1,ORY,BES,14:40,15:50,1:10
2992,7/1/06,A320#10,TLS,ORY,14:40,16:00,1:20
4435,7/1/06,A320#2,AJA,ORY,14:40,16:20,1:40
4569,7/1/06,A320#24,CDG,NCE,14:40,16:15,1:35
45,7/1/06,TranspCom#1,CDG,ORY,14:40,15:10,0:30
117,7/1/06,TranspCom#3,ORY,CDG,14:40,15:10,0:30
4601,7/1/06,A319#1,CDG,BES,14:45,16:00,1:15
4678,7/1/06,A319#13,LYS,LIL,14:45,16:00,1:15
2620,7/1/06,F100#6,LYS,RNS,14:45,16:05,1:20
2991,7/1/06,A320#9,ORY,TLS,14:50,16:00,1:10
2878,7/1/06,A319#14,MRS,ORY,14:55,16:05,1:10
4669,7/1/06,A320#18,LYS,BOD,14:55,16:00,1:05
2585,7/1/06,ERJ145#3,RNS,CDG,14:55,15:55,1:00
3083,7/1/06,A318#5,ORY,NCE,15:00,16:20,1:20
4649,7/1/06,A319#10,CDG,TLS,15:00,16:25,1:25
4705,7/1/06,A320#20,LYS,TLS,15:00,16:05,1:05
4650,7/1/06,A321#1,TLS,CDG,15:00,16:30,1:30
4279,7/1/06,A321#2,ORY,LYS,15:00,16:05,1:05
2601,7/1/06,ERJ135#2,URO,LEH,15:00,15:20,0:20
2596,7/1/06,ERJ145#4,LYS,CFR,15:00,16:15,1:15
4695,7/1/06,ERJ145#5,LYS,NCE,15:00,16:00,1:00
2643,7/1/06,F100#2,LYS,SXB,15:00,16:00,1:00
46,7/1/06,TranspCom#2,CDG,ORY,15:00,15:30,0:30
118,7/1/06,TranspCom#4,ORY,CDG,15:00,15:30,0:30
3084,7/1/06,A319#9,NCE,ORY,15:05,16:30,1:25
4763,7/1/06,CRJ100#2,BOD,NCE,15:05,16:20,1:15
3127,7/1/06,A319#11,ORY,BOD,15:10,16:15,1:05
4628,7/1/06,BAE300#3,SXB,CDG,15:15,16:25,1:10
4586,7/1/06,F100#5,NTE,CDG,15:15,16:20,1:05
4530,7/1/06,A319#17,MRS,CDG,15:20,16:50,1:30
119,7/1/06,TranspCom#1,ORY,CDG,15:20,15:50,0:30
47,7/1/06,TranspCom#3,CDG,ORY,15:20,15:50,0:30
2900,7/1/06,A320#17,MRS,ORY,15:30,16:50,1:20
4492,7/1/06,A321#3,BOD,CDG,15:30,16:55,1:25
4365,7/1/06,A319#5,ORY,TLN,15:35,16:55,1:20
2895,7/1/06,A319#8,ORY,MRS,15:35,16:50,1:15
4389,7/1/06,A320#13,ORY,PGF,15:35,17:00,1:25
4578,7/1/06,A320#22,NCE,CDG,15:35,17:10,1:35
2996,7/1/06,A320#8,TLS,ORY,15:40,17:00,1:20
2602,7/1/06,ERJ135#2,LEH,LYS,15:40,17:10,1:30
120,7/1/06,TranspCom#2,ORY,CDG,15:40,16:10,0:30
48,7/1/06,TranspCom#4,CDG,ORY,15:40,16:10,0:30
149,7/1/06,A320#4,CDG,MLH,15:45,16:55,1:10
2625,7/1/06,F100#3,MRS,NTE,15:45,17:10,1:25
1380,7/1/06,A320#3,BIA,ORY,15:50,17:25,1:35
2995,7/1/06,A320#7,ORY,TLS,15:50,17:00,1:10
4351,7/1/06,CRJ100#1,ORY,BIQ,15:55,17:10,1:15
3085,7/1/06,A318#4,ORY,NCE,16:00,17:20,1:20
4508,7/1/06,A320#14,LYS,CDG,16:00,17:10,1:10
49,7/1/06,TranspCom#1,CDG,ORY,16:00,16:30,0:30
121,7/1/06,TranspCom#3,ORY,CDG,16:00,16:30,0:30
4520,7/1/06,A318#7,CFE,CDG,16:05,17:10,1:05
3102,7/1/06,A318#8,NCE,ORY,16:05,17:30,1:25
4276,7/1/06,A320#11,LYS,ORY,16:10,17:15,1:05
4510,7/1/06,A319#18,LYS,CDG,16:15,17:25,1:10
4415,7/1/06,A319#3,ORY,MPL,16:15,17:30,1:15
4593,7/1/06,A320#6,CDG,NTE,16:15,17:20,1:05
4214,7/1/06,CRJ100#3,ORY,RNS,16:15,17:15,1:00
4319,7/1/06,A319#2,ORY,PUF,16:20,17:35,1:15
4352,7/1/06,A320#12,BIQ,ORY,16:20,17:40,1:20
50,7/1/06,TranspCom#2,CDG,ORY,16:20,16:50,0:30
122,7/1/06,TranspCom#4,ORY,CDG,16:20,16:50,0:30
4414,7/1/06,A321#5,MPL,ORY,16:25,17:45,1:20
4629,7/1/06,A320#19,CDG,SXB,16:30,17:40,1:10
4238,7/1/06,A320#1,BES,ORY,16:35,17:50,1:15
2899,7/1/06,A320#5,ORY,MRS,16:35,17:50,1:15
2525,7/1/06,BAE200#3,ORY,UIP,16:35,17:40,1:05
3000,7/1/06,A320#9,TLS,ORY,16:40,18:00,1:20
5094,7/1/06,CRJ100#4,CFE,AMS,16:40,18:15,1:35
123,7/1/06,TranspCom#1,ORY,CDG,16:40,17:10,0:30
51,7/1/06,TranspCom#3,CDG,ORY,16:40,17:10,0:30
2999,7/1/06,A320#10,ORY,TLS,16:50,18:00,1:10
4274,7/1/06,A321#2,LYS,ORY,16:50,17:55,1:05
4301,7/1/06,A318#1,ORY,CFE,16:55,17:50,0:55
4664,7/1/06,A320#18,BOD,LYS,16:55,18:05,1:10
4706,7/1/06,A320#20,TLS,LYS,16:55,17:55,1:00
4596,7/1/06,A319#1,BES,CDG,17:00,18:20,1:20
4180,7/1/06,A319#12,SXB,ORY,17:00,18:00,1:00
4437,7/1/06,A319#4,ORY,AJA,17:00,18:40,1:40
2870,7/1/06,A320#21,MRS,ORY,17:00,18:20,1:20
124,7/1/06,TranspCom#2,ORY,CDG,17:00,17:30,0:30
52,7/1/06,TranspCom#4,CDG,ORY,17:00,17:30,0:30
3090,7/1/06,A318#5,NCE,ORY,17:05,18:30,1:25
3134,7/1/06,A319#11,BOD,ORY,17:05,18:15,1:10
3106,7/1/06,A320#24,NCE,ORY,17:05,18:30,1:25
5127,7/1/06,CRJ700#1,TLS,AMS,17:05,19:15,2:10
3135,7/1/06,A319#14,ORY,BOD,17:10,18:15,1:05
4459,7/1/06,A319#7,ORY,BIA,17:10,18:45,1:35
3099,7/1/06,A319#9,ORY,NCE,17:10,18:30,1:20
4436,7/1/06,A320#2,ORY,AJA,17:10,18:50,1:40
4652,7/1/06,A319#10,TLS,CDG,17:15,18:45,1:30
4641,7/1/06,ERJ145#3,CDG,PUF,17:20,18:50,1:30
53,7/1/06,TranspCom#1,CDG,ORY,17:20,17:50,0:30
125,7/1/06,TranspCom#3,ORY,CDG,17:20,17:50,0:30
3131,7/1/06,A318#6,ORY,BOD,17:25,18:30,1:05
4651,7/1/06,A321#1,CDG,TLS,17:25,18:50,1:25
4571,7/1/06,A321#4,CDG,NCE,17:25,19:00,1:35
2908,7/1/06,A319#8,MRS,ORY,17:30,18:50,1:20
2663,7/1/06,CRJ100#2,NCE,FSC,17:30,18:25,0:55
4531,7/1/06,A319#17,CDG,MRS,17:35,19:00,1:25
4368,7/1/06,A319#5,TLN,ORY,17:35,19:00,1:25
2903,7/1/06,A320#17,ORY,MRS,17:35,18:50,1:15
150,7/1/06,A320#4,MLH,CDG,17:35,18:50,1:15
3004,7/1/06,A320#7,TLS,ORY,17:40,19:00,1:20
54,7/1/06,TranspCom#2,CDG,ORY,17:40,18:10,0:30
126,7/1/06,TranspCom#4,ORY,CDG,17:40,18:10,0:30
4549,7/1/06,A320#16,CDG,MPL,17:45,19:10,1:25
4489,7/1/06,A321#3,CDG,BOD,17:45,19:05,1:20
4631,7/1/06,BAE300#3,CDG,SXB,17:45,18:50,1:05
4390,7/1/06,A320#13,PGF,ORY,17:50,19:15,1:25
3003,7/1/06,A320#8,ORY,TLS,17:50,19:00,1:10
2603,7/1/06,ERJ135#2,LYS,URO,17:50,19:10,1:20
4371,7/1/06,A319#6,ORY,TLN,17:55,19:15,1:20
4511,7/1/06,A320#14,CDG,LYS,17:55,19:05,1:10
4354,7/1/06,CRJ100#1,BIQ,ORY,18:00,19:20,1:20
127,7/1/06,TranspCom#1,ORY,CDG,18:00,18:30,0:30
55,7/1/06,TranspCom#3,CDG,ORY,18:00,18:30,0:30
3092,7/1/06,A318#4,NCE,ORY,18:05,19:30,1:25
4594,7/1/06,A320#6,NTE,CDG,18:05,19:10,1:05
4416,7/1/06,A319#3,MPL,ORY,18:20,19:40,1:20
4347,7/1/06,A320#12,ORY,BIQ,18:20,19:35,1:15
128,7/1/06,TranspCom#2,ORY,CDG,18:20,18:50,0:30
56,7/1/06,TranspCom#4,CDG,ORY,18:20,18:50,0:30
2967,7/1/06,A320#11,ORY,TLS,18:25,19:45,1:20
4630,7/1/06,A320#19,SXB,CDG,18:25,19:35,1:10
4324,7/1/06,A319#2,PUF,ORY,18:30,19:50,1:20
4575,7/1/06,A320#22,CDG,NCE,18:30,20:05,1:35
2912,7/1/06,A320#5,MRS,ORY,18:30,19:50,1:20
4407,7/1/06,A321#5,ORY,MPL,18:30,19:35,1:05
2907,7/1/06,A320#23,ORY,MRS,18:35,19:50,1:15
3008,7/1/06,A320#10,TLS,ORY,18:40,20:00,1:20
4275,7/1/06,A321#2,ORY,LYS,18:40,19:45,1:05
57,7/1/06,TranspCom#1,CDG,ORY,18:40,19:10,0:30
129,7/1/06,TranspCom#3,ORY,CDG,18:40,19:10,0:30
4203,7/1/06,A320#15,ORY,MLH,18:45,19:45,1:00
4730,7/1/06,A320#20,LYS,NTE,18:45,20:00,1:15
4620,7/1/06,A318#2,MRS,ETZ,18:50,20:30,1:40
3007,7/1/06,A320#9,ORY,TLS,18:50,20:00,1:10
3093,7/1/06,A318#5,ORY,NCE,19:00,20:20,1:20
4665,7/1/06,A320#18,LYS,BOD,19:00,20:05,1:05
1377,7/1/06,A320#3,ORY,BIA,19:00,20:35,1:35
5166,7/1/06,CRJ100#4,AMS,BOD,19:00,20:50,1:50
2586,7/1/06,CRJ700#2,CDG,RNS,19:00,19:55,0:55
58,7/1/06,TranspCom#2,CDG,ORY,19:00,19:30,0:30
130,7/1/06,TranspCom#4,ORY,CDG,19:00,19:30,0:30
2867,7/1/06,A320#21,ORY,MRS,19:10,20:25,1:15
3071,7/1/06,A320#24,ORY,MRS,19:20,20:35,1:15
131,7/1/06,TranspCom#1,ORY,CDG,19:20,19:50,0:30
59,7/1/06,TranspCom#3,CDG,ORY,19:20,19:50,0:30
3138,7/1/06,A318#6,BOD,ORY,19:25,20:35,1:10
4655,7/1/06,A319#10,CDG,TLS,19:25,20:50,1:25
4189,7/1/06,A319#8,ORY,SXB,19:25,20:25,1:00
3094,7/1/06,A319#9,NCE,CFE,19:25,20:25,1:00
4434,7/1/06,A319#4,AJA,ORY,19:30,21:10,1:40
2604,7/1/06,ERJ135#2,URO,LEH,19:30,19:50,0:20
4642,7/1/06,ERJ145#3,PUF,CDG,19:30,21:00,1:30
4454,7/1/06,A319#7,BIA,ORY,19:35,21:10,1:35
132,7/1/06,TranspCom#2,ORY,CDG,19:40,20:10,0:30
60,7/1/06,TranspCom#4,CDG,ORY,19:40,20:10,0:30
4534,7/1/06,A319#17,MRS,CDG,19:45,21:15,1:30
4654,7/1/06,A321#1,TLS,CDG,19:45,21:15,1:30
4547,7/1/06,A319#15,CDG,MPL,19:50,21:15,1:25
3011,7/1/06,A320#7,ORY,TLS,19:50,21:00,1:10
4572,7/1/06,A321#4,NCE,ORY,19:50,21:15,1:25
4512,7/1/06,A320#14,LYS,LIG,19:55,20:55,1:00
151,7/1/06,A320#4,CDG,MLH,19:55,21:05,1:10
3095,7/1/06,A318#4,ORY,NCE,20:00,21:20,1:20
4595,7/1/06,A319#1,CDG,BES,20:00,21:15,1:15
4169,7/1/06,A320#13,ORY,SXB,20:00,21:00,1:00
4548,7/1/06,A320#16,MPL,CDG,20:00,21:30,1:30
4591,7/1/06,A320#6,CDG,NTE,20:00,21:05,1:05
61,7/1/06,TranspCom#1,CDG,ORY,20:00,20:30,0:30
133,7/1/06,TranspCom#3,ORY,CDG,20:00,20:30,0:30
4342,7/1/06,CRJ100#1,ORY,BIQ,20:05,21:20,1:15
5128,7/1/06,CRJ700#1,AMS,TLS,20:05,22:00,1:55
4637,7/1/06,F100#5,CDG,PUF,20:10,21:35,1:25
4421,7/1/06,A319#3,ORY,MPL,20:15,21:30,1:15
4533,7/1/06,A319#16,CDG,MRS,20:20,21:45,1:25
4237,7/1/06,A320#1,ORY,BES,20:20,21:30,1:10
62,7/1/06,TranspCom#2,CDG,ORY,20:20,20:50,0:30
134,7/1/06,TranspCom#4,ORY,CDG,20:20,20:50,0:30
4499,7/1/06,A318#7,CDG,BIQ,20:25,21:50,1:25
4321,7/1/06,A319#2,ORY,PUF,20:25,21:40,1:15
4358,7/1/06,A320#12,BIQ,ORY,20:25,21:45,1:20
4513,7/1/06,A319#18,CDG,LYS,20:30,21:40,1:10
4647,7/1/06,A320#19,CDG,TLS,20:30,21:55,1:25
135,7/1/06,TranspCom#1,ORY,CDG,20:40,21:10,0:30
63,7/1/06,TranspCom#3,CDG,ORY,20:40,21:10,0:30
136,7/1/06,TranspCom#2,ORY,CDG,21:00,21:30,0:30
64,7/1/06,TranspCom#4,CDG,ORY,21:00,21:30,0:30
65,7/1/06,TranspCom#1,CDG,ORY,21:20,21:50,0:30
137,7/1/06,TranspCom#3,ORY,CDG,21:20,21:50,0:30
66,7/1/06,TranspCom#2,CDG,ORY,21:40,22:10,0:30
138,7/1/06,TranspCom#4,ORY,CDG,21:40,22:10,0:30
139,7/1/06,TranspCom#1,ORY,CDG,22:00,22:30,0:30
67,7/1/06,TranspCom#3,CDG,ORY,22:00,22:30,0:30
140,7/1/06,TranspCom#2,ORY,CDG,22:20,22:50,0:30
68,7/1/06,TranspCom#4,CDG,ORY,22:20,22:50,0:30
69,7/1/06,TranspCom#1,CDG,ORY,22:40,23:10,0:30
141,7/1/06,TranspCom#3,ORY,CDG,22:40,23:10,0:30
70,7/1/06,TranspCom#2,CDG,ORY,23:00,23:30,0:30
142,7/1/06,TranspCom#4,ORY,CDG,23:00,23:30,0:30
143,7/1/06,TranspCom#1,ORY,CDG,23:20,23:50,0:30
71,7/1/06,TranspCom#3,CDG,ORY,23:20,23:50,0:30
144,7/1/06,TranspCom#2,ORY,CDG,23:40,0:10,0:30
72,7/1/06,TranspCom#4,CDG,ORY,23:40,0:10,0:30